Physical Time: Physical Time (s);Particle Mass Flow 1 Monitor: Particle Mass Flow of Mass Flow Rate of Quarzmehl (kg/s);;dt;;;
4;0;0;;;;
4;0;0;0;;;
4;0;0;0;;;
4;0;0;0;;;
4;0;0;0;;;
4,01;0;0;0,01;;;
4,01;0;0;0;;;
4,01;0;0;0;;;
4,01;0;0;0;;;
4,01;0;0;0;;;
4,01;0;0;0;;;
4,01;0;0;0;;;
4,01;0;0;0;;;
4,01;0;0;0;;;
4,01;0;0;0;;;
4,02;0;0;0,01;;;
4,02;0;0;0;;;
4,02;0;0;0;;;
4,02;0;0;0;;;
4,02;0;0;0;;;
4,02;0;0;0;;;
4,02;0;0;0;;;
4,02;0;0;0;;;
4,02;0;0;0;;;
4,02;0;0;0;;;
4,03;0;0;0,01;;;
4,03;0;0;0;;;
4,03;0;0;0;;;
4,03;0;0;0;;;
4,03;0;0;0;;;
4,03;0;0;0;;;
4,03;0;0;0;;;
4,03;0;0;0;;;
4,03;0;0;0;;;
4,03;0;0;0;;;
4,04;0;0;0,01;;;
4,04;0;0;0;;;
4,04;0;0;0;;;
4,04;0;0;0;;;
4,04;0;0;0;;;
4,04;0;0;0;;;
4,04;0;0;0;;;
4,04;0;0;0;;;
4,04;0;0;0;;;
4,04;0;0;0;;;
4,05;0;0;0,01;;;
4,05;0;0;0;;;
4,05;0;0;0;;;
4,05;0;0;0;;;
4,05;0;0;0;;;
4,05;0;0;0;;;
4,05;0;0;0;;;
4,05;0;0;0;;;
4,05;0;0;0;;;
4,05;0;0;0;;;
4,06;0;0;0,01;;;
4,06;0;0;0;;;
4,06;0;0;0;;;
4,06;0;0;0;;;
4,06;0;0;0;;;
4,06;0;0;0;;;
4,06;0;0;0;;;
4,06;0;0;0;;;
4,06;0;0;0;;;
4,06;0;0;0;;;
4,07;0;0;0,01;;;
4,07;0;0;0;;;
4,07;0;0;0;;;
4,07;0;0;0;;;
4,07;0;0;0;;;
4,07;0;0;0;;;
4,07;0;0;0;;;
4,07;0;0;0;;;
4,07;0;0;0;;;
4,07;0;0;0;;;
4,08;0;0;0,01;;;
4,08;0;0;0;;;
4,08;0;0;0;;;
4,08;0;0;0;;;
4,08;0;0;0;;;
4,08;0;0;0;;;
4,08;0;0;0;;;
4,08;0;0;0;;;
4,08;0;0;0;;;
4,08;0;0;0;;;
4,09;0;0;0,01;;;
4,09;0;0;0;;;
4,09;0;0;0;;;
4,09;0;0;0;;;
4,09;0;0;0;;;
4,09;0;0;0;;;
4,09;0;0;0;;;
4,09;0;0;0;;;
4,09;0;0;0;;;
4,09;0;0;0;;;
4,1;0;0;0,01;;;
4,1;0;0;0;;;
4,1;0;0;0;;;
4,1;0;0;0;;;
4,1;0;0;0;;;
4,1;0;0;0;;;
4,1;0;0;0;;;
4,1;0;0;0;;;
4,1;0;0;0;;;
4,1;0;0;0;;;
4,11;0;0;0,01;;;
4,11;0;0;0;;;
4,11;0;0;0;;;
4,11;0;0;0;;;
4,11;0;0;0;;;
4,11;0;0;0;;;
4,11;0;0;0;;;
4,11;0;0;0;;;
4,11;0;0;0;;;
4,11;0;0;0;;;
4,12;0;0;0,01;;;
4,12;0;0;0;;;
4,12;0;0;0;;;
4,12;0;0;0;;;
4,12;0;0;0;;;
4,12;0;0;0;;;
4,12;0;0;0;;;
4,12;0;0;0;;;
4,12;0;0;0;;;
4,12;0;0;0;;;
4,13;0;0;0,01;;;
4,13;0;0;0;;;
4,13;0;0;0;;;
4,13;0;0;0;;;
4,13;0;0;0;;;
4,13;0;0;0;;;
4,13;0;0;0;;;
4,13;0;0;0;;;
4,13;0;0;0;;;
4,13;0;0;0;;;
4,14;0;0;0,01;;;
4,14;0;0;0;;;
4,14;0;0;0;;;
4,14;0;0;0;;;
4,14;0;0;0;;;
4,14;0;0;0;;;
4,14;0;0;0;;;
4,14;0;0;0;;;
4,14;0;0;0;;;
4,14;0;0;0;;;
4,15;0;0;0,01;;;
4,15;0;0;0;;;
4,15;0;0;0;;;
4,15;0;0;0;;;
4,15;0;0;0;;;
4,15;0;0;0;;;
4,15;0;0;0;;;
4,15;0;0;0;;;
4,15;0;0;0;;;
4,15;0;0;0;;;
4,16;0;0;0,01;;;
4,16;0;0;0;;;
4,16;0;0;0;;;
4,16;0;0;0;;;
4,16;0;0;0;;;
4,16;0;0;0;;;
4,16;0;0;0;;;
4,16;0;0;0;;;
4,16;0;0;0;;;
4,16;0;0;0;;;
4,17;0;0;0,01;;;
4,17;0;0;0;;;
4,17;0;0;0;;;
4,17;0;0;0;;;
4,17;0;0;0;;;
4,17;0;0;0;;;
4,17;0;0;0;;;
4,17;0;0;0;;;
4,17;0;0;0;;;
4,17;0;0;0;;;
4,18;0;0;0,01;;;
4,18;0;0;0;;;
4,18;0;0;0;;;
4,18;0;0;0;;;
4,18;0;0;0;;;
4,18;0;0;0;;;
4,18;0;0;0;;;
4,18;0;0;0;;;
4,18;0;0;0;;;
4,18;0;0;0;;;
4,19;0;0;0,01;;;
4,19;0;0;0;;;
4,19;0;0;0;;;
4,19;0;0;0;;;
4,19;0;0;0;;;
4,19;0;0;0;;;
4,19;0;0;0;;;
4,19;0;0;0;;;
4,19;0;0;0;;;
4,19;0;0;0;;;
4,2;0;0;0,01;;;
4,2;0;0;0;;;
4,2;0;0;0;;;
4,2;0;0;0;;;
4,2;0;0;0;;;
4,2;0;0;0;;;
4,2;0;0;0;;;
4,2;0;0;0;;;
4,2;0;0;0;;;
4,2;0;0;0;;;
4,21;0;0;0,01;;;
4,21;0;0;0;;;
4,21;0;0;0;;;
4,21;0;0;0;;;
4,21;0;0;0;;;
4,21;0;0;0;;;
4,21;0;0;0;;;
4,21;0;0;0;;;
4,21;0;0;0;;;
4,21;0;0;0;;;
4,22;0;0;0,01;;;
4,22;0;0;0;;;
4,22;0;0;0;;;
4,22;0;0;0;;;
4,22;0;0;0;;;
4,22;0;0;0;;;
4,22;0;0;0;;;
4,22;0;0;0;;;
4,22;0;0;0;;;
4,22;0;0;0;;;
4,23;0;0;0,01;;;
4,23;0;0;0;;;
4,23;0;0;0;;;
4,23;0;0;0;;;
4,23;0;0;0;;;
4,23;0;0;0;;;
4,23;0;0;0;;;
4,23;0;0;0;;;
4,23;0;0;0;;;
4,23;0;0;0;;;
4,24;0;0;0,01;;;
4,24;0;0;0;;;
4,24;0;0;0;;;
4,24;0;0;0;;;
4,24;0;0;0;;;
4,24;0;0;0;;;
4,24;0;0;0;;;
4,24;0;0;0;;;
4,24;0;0;0;;;
4,24;0;0;0;;;
4,25;0;0;0,01;;;
4,25;0;0;0;;;
4,25;0;0;0;;;
4,25;0;0;0;;;
4,25;0;0;0;;;
4,25;0;0;0;;;
4,25;0;0;0;;;
4,25;0;0;0;;;
4,25;0;0;0;;;
4,25;0;0;0;;;
4,26;0;0;0,01;;;
4,26;0;0;0;;;
4,26;0;0;0;;;
4,26;0;0;0;;;
4,26;0;0;0;;;
4,26;0;0;0;;;
4,26;0;0;0;;;
4,26;0;0;0;;;
4,26;0;0;0;;;
4,26;0;0;0;;;
4,27;0;0;0,01;;;
4,27;0;0;0;;;
4,27;0;0;0;;;
4,27;0;0;0;;;
4,27;0;0;0;;;
4,27;0;0;0;;;
4,27;0;0;0;;;
4,27;0;0;0;;;
4,27;0;0;0;;;
4,27;0;0;0;;;
4,28;0;0;0,01;;;
4,28;0;0;0;;;
4,28;0;0;0;;;
4,28;0;0;0;;;
4,28;0;0;0;;;
4,28;0;0;0;;;
4,28;0;0;0;;;
4,28;0;0;0;;;
4,28;0;0;0;;;
4,28;0;0;0;;;
4,29;0;0;0,01;;;
4,29;0;0;0;;;
4,29;0;0;0;;;
4,29;0;0;0;;;
4,29;0;0;0;;;
4,29;0;0;0;;;
4,29;0;0;0;;;
4,29;0;0;0;;;
4,29;0;0;0;;;
4,29;0;0;0;;;
4,3;0;0;0,01;;;
4,3;0;0;0;;;
4,3;0;0;0;;;
4,3;0;0;0;;;
4,3;0;0;0;;;
4,3;0;0;0;;;
4,3;0;0;0;;;
4,3;0;0;0;;;
4,3;0;0;0;;;
4,3;0;0;0;;;
4,31;0;0;0,01;;;
4,31;0;0;0;;;
4,31;0;0;0;;;
4,31;0;0;0;;;
4,31;0;0;0;;;
4,31;0;0;0;;;
4,31;0;0;0;;;
4,31;0;0;0;;;
4,31;0;0;0;;;
4,31;0;0;0;;;
4,32;0;0;0,01;;;
4,32;0;0;0;;;
4,32;0;0;0;;;
4,32;0;0;0;;;
4,32;0;0;0;;;
4,32;0;0;0;;;
4,32;0;0;0;;;
4,32;0;0;0;;;
4,32;0;0;0;;;
4,32;0;0;0;;;
4,33;0;0;0,01;;;
4,33;0;0;0;;;
4,33;0;0;0;;;
4,33;0;0;0;;;
4,33;0;0;0;;;
4,33;0;0;0;;;
4,33;0;0;0;;;
4,33;0;0;0;;;
4,33;0;0;0;;;
4,33;0;0;0;;;
4,34;0;0;0,01;;;
4,34;0;0;0;;;
4,34;0;0;0;;;
4,34;0;0;0;;;
4,34;0;0;0;;;
4,34;0;0;0;;;
4,34;0;0;0;;;
4,34;0;0;0;;;
4,34;0;0;0;;;
4,34;0;0;0;;;
4,35;0;0;0,01;;;
4,35;0;0;0;;;
4,35;0;0;0;;;
4,35;0;0;0;;;
4,35;0;0;0;;;
4,35;0;0;0;;;
4,35;0;0;0;;;
4,35;0;0;0;;;
4,35;0;0;0;;;
4,35;0;0;0;;;
4,36;0;0;0,01;;;
4,36;0;0;0;;;
4,36;0;0;0;;;
4,36;0;0;0;;;
4,36;0;0;0;;;
4,36;0;0;0;;;
4,36;0;0;0;;;
4,36;0;0;0;;;
4,36;0;0;0;;;
4,36;0;0;0;;;
4,37;0;0;0,01;;;
4,37;0;0;0;;;
4,37;0;0;0;;;
4,37;0;0;0;;;
4,37;0;0;0;;;
4,37;0;0;0;;;
4,37;0;0;0;;;
4,37;0;0;0;;;
4,37;0;0;0;;;
4,37;0;0;0;;;
4,38;0;0;0,01;;;
4,38;0;0;0;;;
4,38;0;0;0;;;
4,38;0;0;0;;;
4,38;0;0;0;;;
4,38;0;0;0;;;
4,38;0;0;0;;;
4,38;0;0;0;;;
4,38;0;0;0;;;
4,38;0;0;0;;;
4,39;0;0;0,01;;;
4,39;0;0;0;;;
4,39;0;0;0;;;
4,39;0;0;0;;;
4,39;0;0;0;;;
4,39;0;0;0;;;
4,39;0;0;0;;;
4,39;0;0;0;;;
4,39;0;0;0;;;
4,39;0;0;0;;;
4,4;0;0;0,01;;;
4,4;0;0;0;;;
4,4;0;0;0;;;
4,4;0;0;0;;;
4,4;0;0;0;;;
4,4;0;0;0;;;
4,4;0;0;0;;;
4,4;0;0;0;;;
4,4;0;0;0;;;
4,4;0;0;0;;;
4,41;0;0;0,01;;;
4,41;0;0;0;;;
4,41;0;0;0;;;
4,41;0;0;0;;;
4,41;0;0;0;;;
4,41;0;0;0;;;
4,41;0;0;0;;;
4,41;0;0;0;;;
4,41;0;0;0;;;
4,41;0;0;0;;;
4,42;0;0;0,01;;;
4,42;0;0;0;;;
4,42;0;0;0;;;
4,42;0;0;0;;;
4,42;0;0;0;;;
4,42;0;0;0;;;
4,42;0;0;0;;;
4,42;0;0;0;;;
4,42;0;0;0;;;
4,42;0;0;0;;;
4,43;0;0;0,01;;;
4,43;0;0;0;;;
4,43;0;0;0;;;
4,43;0;0;0;;;
4,43;0;0;0;;;
4,43;0;0;0;;;
4,43;0;0;0;;;
4,43;0;0;0;;;
4,43;0;0;0;;;
4,43;0;0;0;;;
4,44;0;0;0,01;;;
4,44;0;0;0;;;
4,44;0;0;0;;;
4,44;0;0;0;;;
4,44;0;0;0;;;
4,44;0;0;0;;;
4,44;0;0;0;;;
4,44;0;0;0;;;
4,44;0;0;0;;;
4,44;0;0;0;;;
4,45;0;0;0,01;;;
4,45;0;0;0;;;
4,45;0;0;0;;;
4,45;0;0;0;;;
4,45;0;0;0;;;
4,45;0;0;0;;;
4,45;0;0;0;;;
4,45;0;0;0;;;
4,45;0;0;0;;;
4,45;0;0;0;;;
4,46;0;0;0,01;;;
4,46;0;0;0;;;
4,46;0;0;0;;;
4,46;0;0;0;;;
4,46;0;0;0;;;
4,46;0;0;0;;;
4,46;0;0;0;;;
4,46;0;0;0;;;
4,46;0;0;0;;;
4,46;0;0;0;;;
4,47;0;0;0,01;;;
4,47;0;0;0;;;
4,47;0;0;0;;;
4,47;0;0;0;;;
4,47;0;0;0;;;
4,47;0;0;0;;;
4,47;0;0;0;;;
4,47;0;0;0;;;
4,47;0;0;0;;;
4,47;0;0;0;;;
4,48;0;0;0,01;;;
4,48;0;0;0;;;
4,48;0;0;0;;;
4,48;0;0;0;;;
4,48;0;0;0;;;
4,48;0;0;0;;;
4,48;0;0;0;;;
4,48;0;0;0;;;
4,48;0;0;0;;;
4,48;0;0;0;;;
4,49;0;0;0,01;;;
4,49;0;0;0;;;
4,49;0;0;0;;;
4,49;0;0;0;;;
4,49;0;0;0;;;
4,49;0;0;0;;;
4,49;0;0;0;;;
4,49;0;0;0;;;
4,49;0;0;0;;;
4,49;0;0;0;;;
4,5;0;0;0,01;;;
4,5;0;0;0;;;
4,5;0;0;0;;;
4,5;0;0;0;;;
4,5;0;0;0;;;
4,5;0;0;0;;;
4,5;0;0;0;;;
4,5;0;0;0;;;
4,5;0;0;0;;;
4,5;0;0;0;;;
4,51;0;0;0,01;;;
4,51;0;0;0;;;
4,51;0;0;0;;;
4,51;0;0;0;;;
4,51;0;0;0;;;
4,51;0;0;0;;;
4,51;0;0;0;;;
4,51;0;0;0;;;
4,51;0;0;0;;;
4,51;0;0;0;;;
4,52;0;0;0,01;;;
4,52;0;0;0;;;
4,52;0;0;0;;;
4,52;0;0;0;;;
4,52;0;0;0;;;
4,52;0;0;0;;;
4,52;0;0;0;;;
4,52;0;0;0;;;
4,52;0;0;0;;;
4,52;0;0;0;;;
4,53;0;0;0,01;;;
4,53;0;0;0;;;
4,53;0;0;0;;;
4,53;0;0;0;;;
4,53;0;0;0;;;
4,53;0;0;0;;;
4,53;0;0;0;;;
4,53;0;0;0;;;
4,53;0;0;0;;;
4,53;0;0;0;;;
4,54;0;0;0,01;;;
4,54;0;0;0;;;
4,54;0;0;0;;;
4,54;0;0;0;;;
4,54;0;0;0;;;
4,54;0;0;0;;;
4,54;0;0;0;;;
4,54;0;0;0;;;
4,54;0;0;0;;;
4,54;0;0;0;;;
4,55;0;0;0,01;;;
4,55;0;0;0;;;
4,55;0;0;0;;;
4,55;0;0;0;;;
4,55;0;0;0;;;
4,55;0;0;0;;;
4,55;0;0;0;;;
4,55;0;0;0;;;
4,55;0;0;0;;;
4,55;0;0;0;;;
4,56;0;0;0,01;;;
4,56;0;0;0;;;
4,56;0;0;0;;;
4,56;0;0;0;;;
4,56;0;0;0;;;
4,56;0;0;0;;;
4,56;0;0;0;;;
4,56;0;0;0;;;
4,56;0;0;0;;;
4,56;0;0;0;;;
4,57;0;0;0,01;;;
4,57;0;0;0;;;
4,57;0;0;0;;;
4,57;0;0;0;;;
4,57;0;0;0;;;
4,57;0;0;0;;;
4,57;0;0;0;;;
4,57;0;0;0;;;
4,57;0;0;0;;;
4,57;0;0;0;;;
4,58;0;0;0,01;;;
4,58;0;0;0;;;
4,58;0;0;0;;;
4,58;0;0;0;;;
4,58;0;0;0;;;
4,58;0;0;0;;;
4,58;0;0;0;;;
4,58;0;0;0;;;
4,58;0;0;0;;;
4,58;0;0;0;;;
4,59;0;0;0,01;;;
4,59;0;0;0;;;
4,59;0;0;0;;;
4,59;0;0;0;;;
4,59;0;0;0;;;
4,59;0;0;0;;;
4,59;0;0;0;;;
4,59;0;0;0;;;
4,59;0;0;0;;;
4,59;0;0;0;;;
4,6;0;0;0,01;;;
4,6;0;0;0;;;
4,6;0;0;0;;;
4,6;0;0;0;;;
4,6;0;0;0;;;
4,6;0;0;0;;;
4,6;0;0;0;;;
4,6;0;0;0;;;
4,6;0;0;0;;;
4,6;0;0;0;;;
4,61;0;0;0,01;;;
4,61;0;0;0;;;
4,61;0;0;0;;;
4,61;0;0;0;;;
4,61;0;0;0;;;
4,61;0;0;0;;;
4,61;0;0;0;;;
4,61;0;0;0;;;
4,61;0;0;0;;;
4,61;0;0;0;;;
4,62;0;0;0,01;;;
4,62;0;0;0;;;
4,62;0;0;0;;;
4,62;0;0;0;;;
4,62;0;0;0;;;
4,62;0;0;0;;;
4,62;0;0;0;;;
4,62;0;0;0;;;
4,62;0;0;0;;;
4,62;0;0;0;;;
4,63;0;0;0,01;;;
4,63;0;0;0;;;
4,63;0;0;0;;;
4,63;0;0;0;;;
4,63;0;0;0;;;
4,63;0;0;0;;;
4,63;0;0;0;;;
4,63;0;0;0;;;
4,63;0;0;0;;;
4,63;0;0;0;;;
4,64;0;0;0,01;;;
4,64;0;0;0;;;
4,64;0;0;0;;;
4,64;0;0;0;;;
4,64;0;0;0;;;
4,64;0;0;0;;;
4,64;0;0;0;;;
4,64;0;0;0;;;
4,64;0;0;0;;;
4,64;0;0;0;;;
4,65;0;0;0,01;;;
4,65;0;0;0;;;
4,65;0;0;0;;;
4,65;0;0;0;;;
4,65;0;0;0;;;
4,65;0;0;0;;;
4,65;0;0;0;;;
4,65;0;0;0;;;
4,65;0;0;0;;;
4,65;0;0;0;;;
4,66;0;0;0,01;;;
4,66;0;0;0;;;
4,66;0;0;0;;;
4,66;0;0;0;;;
4,66;0;0;0;;;
4,66;0;0;0;;;
4,66;0;0;0;;;
4,66;0;0;0;;;
4,66;0;0;0;;;
4,66;0;0;0;;;
4,67;0;0;0,01;;;
4,67;0;0;0;;;
4,67;0;0;0;;;
4,67;0;0;0;;;
4,67;0;0;0;;;
4,67;0;0;0;;;
4,67;0;0;0;;;
4,67;0;0;0;;;
4,67;0;0;0;;;
4,67;0;0;0;;;
4,68;0;0;0,01;;;
4,68;0;0;0;;;
4,68;0;0;0;;;
4,68;0;0;0;;;
4,68;0;0;0;;;
4,68;0;0;0;;;
4,68;0;0;0;;;
4,68;0;0;0;;;
4,68;0;0;0;;;
4,68;0;0;0;;;
4,69;0;0;0,01;;;
4,69;0;0;0;;;
4,69;0;0;0;;;
4,69;0;0;0;;;
4,69;0;0;0;;;
4,69;0;0;0;;;
4,69;0;0;0;;;
4,69;0;0;0;;;
4,69;0;0;0;;;
4,69;0;0;0;;;
4,7;0;0;0,01;;;
4,7;0;0;0;;;
4,7;0;0;0;;;
4,7;0;0;0;;;
4,7;0;0;0;;;
4,7;0;0;0;;;
4,7;0;0;0;;;
4,7;0;0;0;;;
4,7;0;0;0;;;
4,7;0;0;0;;;
4,71;0;0;0,01;;;
4,71;0;0;0;;;
4,71;0;0;0;;;
4,71;0;0;0;;;
4,71;0;0;0;;;
4,71;0;0;0;;;
4,71;0;0;0;;;
4,71;0;0;0;;;
4,71;0;0;0;;;
4,71;0;0;0;;;
4,72;0;0;0,01;;;
4,72;0;0;0;;;
4,72;0;0;0;;;
4,72;0;0;0;;;
4,72;0;0;0;;;
4,72;0;0;0;;;
4,72;0;0;0;;;
4,72;0;0;0;;;
4,72;0;0;0;;;
4,72;0;0;0;;;
4,73;0;0;0,01;;;
4,73;0;0;0;;;
4,73;0;0;0;;;
4,73;0;0;0;;;
4,73;0;0;0;;;
4,73;0;0;0;;;
4,73;0;0;0;;;
4,73;0;0;0;;;
4,73;0;0;0;;;
4,73;0;0;0;;;
4,74;0;0;0,01;;;
4,74;0;0;0;;;
4,74;0;0;0;;;
4,74;0;0;0;;;
4,74;0;0;0;;;
4,74;0;0;0;;;
4,74;0;0;0;;;
4,74;0;0;0;;;
4,74;0;0;0;;;
4,74;0;0;0;;;
4,75;0;0;0,01;;;
4,75;0;0;0;;;
4,75;0;0;0;;;
4,75;0;0;0;;;
4,75;0;0;0;;;
4,75;0;0;0;;;
4,75;0;0;0;;;
4,75;0;0;0;;;
4,75;0;0;0;;;
4,75;0;0;0;;;
4,76;0;0;0,01;;;
4,76;0;0;0;;;
4,76;0;0;0;;;
4,76;0;0;0;;;
4,76;0;0;0;;;
4,76;0;0;0;;;
4,76;0;0;0;;;
4,76;0;0;0;;;
4,76;0;0;0;;;
4,76;0;0;0;;;
4,77;0;0;0,01;;;
4,77;0;0;0;;;
4,77;0;0;0;;;
4,77;0;0;0;;;
4,77;0;0;0;;;
4,77;0;0;0;;;
4,77;0;0;0;;;
4,77;0;0;0;;;
4,77;0;0;0;;;
4,77;0;0;0;;;
4,78;0;0;0,01;;;
4,78;0;0;0;;;
4,78;0;0;0;;;
4,78;0;0;0;;;
4,78;0;0;0;;;
4,78;0;0;0;;;
4,78;0;0;0;;;
4,78;0;0;0;;;
4,78;0;0;0;;;
4,78;0;0;0;;;
4,79;0;0;0,01;;;
4,79;0;0;0;;;
4,79;0;0;0;;;
4,79;0;0;0;;;
4,79;0;0;0;;;
4,79;0;0;0;;;
4,79;0;0;0;;;
4,79;0;0;0;;;
4,79;0;0;0;;;
4,79;0;0;0;;;
4,8;0;0;0,01;;;
4,8;0;0;0;;;
4,8;0;0;0;;;
4,8;0;0;0;;;
4,8;0;0;0;;;
4,8;0;0;0;;;
4,8;0;0;0;;;
4,8;0;0;0;;;
4,8;0;0;0;;;
4,8;0;0;0;;;
4,81;0;0;0,01;;;
4,81;0;0;0;;;
4,81;0;0;0;;;
4,81;0;0;0;;;
4,81;0;0;0;;;
4,81;0;0;0;;;
4,81;0;0;0;;;
4,81;0;0;0;;;
4,81;0;0;0;;;
4,81;0;0;0;;;
4,82;0;0;0,01;;;
4,82;0;0;0;;;
4,82;0;0;0;;;
4,82;0;0;0;;;
4,82;0;0;0;;;
4,82;0;0;0;;;
4,82;0;0;0;;;
4,82;0;0;0;;;
4,82;0;0;0;;;
4,82;0;0;0;;;
4,83;0;0;0,01;;;
4,83;0;0;0;;;
4,83;0;0;0;;;
4,83;0;0;0;;;
4,83;0;0;0;;;
4,83;0;0;0;;;
4,83;0;0;0;;;
4,83;0;0;0;;;
4,83;0;0;0;;;
4,83;0;0;0;;;
4,84;0;0;0,01;;;
4,84;0;0;0;;;
4,84;0;0;0;;;
4,84;0;0;0;;;
4,84;0;0;0;;;
4,84;0;0;0;;;
4,84;0;0;0;;;
4,84;0;0;0;;;
4,84;0;0;0;;;
4,84;0;0;0;;;
4,85;0;0;0,01;;;
4,85;0;0;0;;;
4,85;0;0;0;;;
4,85;0;0;0;;;
4,85;0;0;0;;;
4,85;0;0;0;;;
4,85;0;0;0;;;
4,85;0;0;0;;;
4,85;0;0;0;;;
4,85;0;0;0;;;
4,86;0;0;0,01;;;
4,86;0;0;0;;;
4,86;0;0;0;;;
4,86;0;0;0;;;
4,86;0;0;0;;;
4,86;0;0;0;;;
4,86;0;0;0;;;
4,86;0;0;0;;;
4,86;0;0;0;;;
4,86;0;0;0;;;
4,87;0;0;0,01;;;
4,87;0;0;0;;;
4,87;0;0;0;;;
4,87;0;0;0;;;
4,87;0;0;0;;;
4,87;0;0;0;;;
4,87;0;0;0;;;
4,87;0;0;0;;;
4,87;0;0;0;;;
4,87;0;0;0;;;
4,88;0;0;0,01;;;
4,88;0;0;0;;;
4,88;0;0;0;;;
4,88;0;0;0;;;
4,88;0;0;0;;;
4,88;0;0;0;;;
4,88;0;0;0;;;
4,88;0;0;0;;;
4,88;0;0;0;;;
4,88;0;0;0;;;
4,89;0;0;0,01;;;
4,89;0;0;0;;;
4,89;0;0;0;;;
4,89;0;0;0;;;
4,89;0;0;0;;;
4,89;0;0;0;;;
4,89;0;0;0;;;
4,89;0;0;0;;;
4,89;0;0;0;;;
4,89;0;0;0;;;
4,9;0;0;0,01;;;
4,9;0;0;0;;;
4,9;0;0;0;;;
4,9;0;0;0;;;
4,9;0;0;0;;;
4,9;0;0;0;;;
4,9;0;0;0;;;
4,9;0;0;0;;;
4,9;0;0;0;;;
4,9;0;0;0;;;
4,91;0;0;0,01;;;
4,91;0;0;0;;;
4,91;0;0;0;;;
4,91;0;0;0;;;
4,91;0;0;0;;;
4,91;0;0;0;;;
4,91;0;0;0;;;
4,91;0;0;0;;;
4,91;0;0;0;;;
4,91;0;0;0;;;
4,92;0;0;0,01;;;
4,92;0;0;0;;;
4,92;0;0;0;;;
4,92;0;0;0;;;
4,92;0;0;0;;;
4,92;0;0;0;;;
4,92;0;0;0;;;
4,92;0;0;0;;;
4,92;0;0;0;;;
4,92;0;0;0;;;
4,93;0;0;0,01;;;
4,93;0;0;0;;;
4,93;0;0;0;;;
4,93;0;0;0;;;
4,93;0;0;0;;;
4,93;0;0;0;;;
4,93;0;0;0;;;
4,93;0;0;0;;;
4,93;0;0;0;;;
4,93;0;0;0;;;
4,94;0;0;0,01;;;
4,94;0;0;0;;;
4,94;0;0;0;;;
4,94;0;0;0;;;
4,94;0;0;0;;;
4,94;0;0;0;;;
4,94;0;0;0;;;
4,94;0;0;0;;;
4,94;0;0;0;;;
4,94;0;0;0;;;
4,95;0;0;0,01;;;
4,95;0;0;0;;;
4,95;0;0;0;;;
4,95;0;0;0;;;
4,95;0;0;0;;;
4,95;0;0;0;;;
4,95;0;0;0;;;
4,95;0;0;0;;;
4,95;0;0;0;;;
4,95;0;0;0;;;
4,96;0;0;0,01;;;
4,96;0;0;0;;;
4,96;0;0;0;;;
4,96;0;0;0;;;
4,96;0;0;0;;;
4,96;0;0;0;;;
4,96;0;0;0;;;
4,96;0;0;0;;;
4,96;0;0;0;;;
4,96;0;0;0;;;
4,97;0;0;0,01;;;
4,97;0;0;0;;;
4,97;0;0;0;;;
4,97;0;0;0;;;
4,97;0;0;0;;;
4,97;0;0;0;;;
4,97;0;0;0;;;
4,97;0;0;0;;;
4,97;0;0;0;;;
4,98;0;0;0,01;;;
4,98;0;0;0;;;
4,98;0;0;0;;;
4,98;0;0;0;;;
4,979;0;0;-0,001;;;
4,98;0;0;0,001;;;
4,98;0;0;0;;;
4,98;0;0;0;;;
4,98;0;0;0;;;
4,98;0;0;0;;;
4,99;0;0;0,01;;;
4,99;0;0;0;;;
4,99;0;0;0;;;
4,99;0;0;0;;;
4,989;0;0;-0,001;;;
4,99;0;0;0,001;;;
4,99;0;0;0;;;
4,99;0;0;0;;;
4,99;0;0;0;;;
4,99;0;0;0;;;
5;0;0;0,01;;;
5;0;0;0;;;
5;0;0;0;;;
5;0;0;0;;;
4,999;0;0;-0,001;;;
5;0;0;0,001;;;
5;0;0;0;;;
5;0;0;0;;;
5;0;0;0;;;
5;0;0;0;;;
5,01;0;0;0,01;;;
5,01;0;0;0;;;
5,01;0;0;0;;;Summe
5,01;0;0;0;;;8,05E-05
5,01;0;0;0;;;8,05E-02
5,01;0;0;0;dy/dt;;0,08 g
5,011;4,39E-07;4,39E-07;0,001;4,39E-10;;0,44
5,012;1,32E-06;1,76E-06;0,001;1,32E-09;;
5,013;1,32E-06;3,07E-06;0,001;1,32E-09;;
5,014;4,83E-06;7,90E-06;0,001;4,83E-09;;
5,015;4,83E-06;1,27E-05;0,001;4,83E-09;;
5,016;5,71E-06;1,84E-05;0,001;5,71E-09;;
5,017;6,59E-06;2,50E-05;0,001;6,59E-09;;
5,018;7,47E-06;3,25E-05;0,001;7,47E-09;;
5,019;8,34E-06;4,08E-05;0,001;8,34E-09;;
5,02;1,10E-05;5,18E-05;0,001;1,10E-08;;
5,021;1,14E-05;6,32E-05;0,001;1,14E-08;;
5,022;1,32E-05;7,64E-05;0,001;1,32E-08;;
5,023;1,45E-05;9,09E-05;0,001;1,45E-08;;
5,024;1,45E-05;0,000105391;0,001;1,45E-08;;
5,025;1,62E-05;0,000121639;0,001;1,62E-08;;
5,026;1,62E-05;0,000137887;0,001;1,62E-08;;
5,027;1,76E-05;0,000155452;0,001;1,76E-08;;
5,028;1,84E-05;0,000173896;0,001;1,84E-08;;
5,029;1,76E-05;0,000191461;0,001;1,76E-08;;
5,03;2,02E-05;0,000211661;0,001;2,02E-08;;
5,031;2,20E-05;0,000233617;0,001;2,20E-08;;
5,032;2,28E-05;0,000256452;0,001;2,28E-08;;
5,033;2,63E-05;0,0002828;0,001;2,63E-08;;
5,034;2,59E-05;0,000308709;0,001;2,59E-08;;
5,035;2,68E-05;0,000335496;0,001;2,68E-08;;
5,036;2,77E-05;0,000363161;0,001;2,77E-08;;
5,037;2,81E-05;0,000391265;0,001;2,81E-08;;
5,038;2,99E-05;0,000421126;0,001;2,99E-08;;
5,039;2,94E-05;0,000450548;0,001;2,94E-08;;
5,04;2,94E-05;0,00047997;0,001;2,94E-08;;
5,041;3,16E-05;0,000511587;0,001;3,16E-08;;
5,042;3,29E-05;0,000544522;0,001;3,29E-08;;
5,043;3,34E-05;0,000577896;0,001;3,34E-08;;
5,044;3,60E-05;0,000613904;0,001;3,60E-08;;
5,045;3,73E-05;0,00065123;0,001;3,73E-08;;
5,046;3,69E-05;0,000688117;0,001;3,69E-08;;
5,047;3,91E-05;0,0007272;0,001;3,91E-08;;
5,048;4,04E-05;0,0007676;0,001;4,04E-08;;
5,049;4,17E-05;0,000809317;0,001;4,17E-08;;
5,05;4,35E-05;0,000852791;0,001;4,35E-08;;
5,051;4,30E-05;0,000895826;0,001;4,30E-08;;
5,052;4,74E-05;0,000943252;0,001;4,74E-08;;
5,053;4,65E-05;0,0009898;0,001;4,65E-08;;
5,054;4,61E-05;0,001035909;0,001;4,61E-08;;
5,055;4,83E-05;0,001084213;0,001;4,83E-08;;
5,056;4,74E-05;0,001131639;0,001;4,74E-08;;
5,057;4,87E-05;0,001180383;0,001;4,87E-08;;
5,058;5,09E-05;0,001231322;0,001;5,09E-08;;
5,059;5,05E-05;0,001281822;0,001;5,05E-08;;
5,06;4,96E-05;0,001331444;0,001;4,96E-08;;
5,061;5,01E-05;0,001381504;0,001;5,01E-08;;
5,062;5,14E-05;0,001432883;0,001;5,14E-08;;
5,063;5,27E-05;0,001485578;0,001;5,27E-08;;
5,064;5,23E-05;0,001537835;0,001;5,23E-08;;
5,065;5,27E-05;0,00159053;0,001;5,27E-08;;
5,066;5,27E-05;0,001643226;0,001;5,27E-08;;
5,067;5,45E-05;0,001697678;0,001;5,45E-08;;
5,068;5,40E-05;0,001751691;0,001;5,40E-08;;
5,069;5,49E-05;0,001806583;0,001;5,49E-08;;
5,07;5,58E-05;0,001862352;0,001;5,58E-08;;
5,071;5,75E-05;0,001919878;0,001;5,75E-08;;
5,072;5,88E-05;0,001978722;0,001;5,88E-08;;
5,073;5,84E-05;0,002037126;0,001;5,84E-08;;
5,074;6,06E-05;0,002097726;0,001;6,06E-08;;
5,075;6,19E-05;0,002159644;0,001;6,19E-08;;
5,076;6,28E-05;0,002222439;0,001;6,28E-08;;
5,077;6,46E-05;0,002286991;0,001;6,46E-08;;
5,078;6,37E-05;0,002350665;0,001;6,37E-08;;
5,079;6,50E-05;0,002415657;0,001;6,50E-08;;
5,08;6,46E-05;0,002480209;0,001;6,46E-08;;
5,081;6,59E-05;0,002546078;0,001;6,59E-08;;
5,082;6,67E-05;0,002612826;0,001;6,67E-08;;
5,083;6,76E-05;0,002680452;0,001;6,76E-08;;
5,084;6,81E-05;0,002748517;0,001;6,81E-08;;
5,085;6,72E-05;0,002815704;0,001;6,72E-08;;
5,086;6,85E-05;0,002884209;0,001;6,85E-08;;
5,087;6,81E-05;0,002952274;0,001;6,81E-08;;
5,088;6,89E-05;0,003021217;0,001;6,89E-08;;
5,089;6,89E-05;0,003090161;0,001;6,89E-08;;
5,09;6,94E-05;0,003159544;0,001;6,94E-08;;
5,091;7,11E-05;0,003230683;0,001;7,11E-08;;
5,092;7,07E-05;0,003301383;0,001;7,07E-08;;
5,093;7,07E-05;0,003372083;0,001;7,07E-08;;
5,094;7,11E-05;0,003443222;0,001;7,11E-08;;
5,095;7,29E-05;0,003516118;0,001;7,29E-08;;
5,096;7,11E-05;0,003587257;0,001;7,11E-08;;
5,097;7,33E-05;0,003660591;0,001;7,33E-08;;
5,098;7,29E-05;0,003733487;0,001;7,29E-08;;
5,099;7,25E-05;0,003805944;0,001;7,25E-08;;
5,1;7,25E-05;0,0038784;0,001;7,25E-08;;
5,101;7,33E-05;0,003951735;0,001;7,33E-08;;
5,102;7,33E-05;0,00402507;0,001;7,33E-08;;
5,103;7,25E-05;0,004097526;0,001;7,25E-08;;
5,104;7,33E-05;0,004170861;0,001;7,33E-08;;
5,105;7,33E-05;0,004244196;0,001;7,33E-08;;
5,106;7,51E-05;0,004319287;0,001;7,51E-08;;
5,107;7,42E-05;0,0043935;0,001;7,42E-08;;
5,108;7,38E-05;0,004467274;0,001;7,38E-08;;
5,109;7,51E-05;0,004542365;0,001;7,51E-08;;
5,11;7,33E-05;0,0046157;0,001;7,33E-08;;
5,111;7,47E-05;0,004690352;0,001;7,47E-08;;
5,112;7,64E-05;0,004766761;0,001;7,64E-08;;
5,113;7,73E-05;0,004844048;0,001;7,73E-08;;
5,114;7,55E-05;0,004919578;0,001;7,55E-08;;
5,115;7,55E-05;0,004995109;0,001;7,55E-08;;
5,116;7,42E-05;0,005069322;0,001;7,42E-08;;
5,117;7,60E-05;0,005145291;0,001;7,60E-08;;
5,118;7,55E-05;0,005220822;0,001;7,55E-08;;
5,119;7,64E-05;0,005297231;0,001;7,64E-08;;
5,12;7,60E-05;0,0053732;0,001;7,60E-08;;
5,121;7,95E-05;0,005452683;0,001;7,95E-08;;
5,122;7,99E-05;0,005532605;0,001;7,99E-08;;
5,123;7,86E-05;0,005611209;0,001;7,86E-08;;
5,124;7,73E-05;0,005688496;0,001;7,73E-08;;
5,125;7,82E-05;0,005766661;0,001;7,82E-08;;
5,126;7,60E-05;0,005842631;0,001;7,60E-08;;
5,127;7,64E-05;0,005919039;0,001;7,64E-08;;
5,128;7,60E-05;0,005995009;0,001;7,60E-08;;
5,129;7,68E-05;0,006071857;0,001;7,68E-08;;
5,13;7,73E-05;0,006149144;0,001;7,73E-08;;
5,131;7,77E-05;0,00622687;0,001;7,77E-08;;
5,132;7,73E-05;0,006304157;0,001;7,73E-08;;
5,133;7,51E-05;0,006379248;0,001;7,51E-08;;
5,134;7,51E-05;0,006454339;0,001;7,51E-08;;
5,135;7,42E-05;0,006528552;0,001;7,42E-08;;
5,136;7,64E-05;0,006604961;0,001;7,64E-08;;
5,137;7,03E-05;0,006675222;0,001;7,03E-08;;
5,138;7,82E-05;0,006753387;0,001;7,82E-08;;
5,139;7,86E-05;0,006831992;0,001;7,86E-08;;
5,14;7,82E-05;0,006910157;0,001;7,82E-08;;
5,141;7,95E-05;0,006989639;0,001;7,95E-08;;
5,142;8,17E-05;0,007071318;0,001;8,17E-08;;
5,143;8,12E-05;0,007152557;0,001;8,12E-08;;
5,144;7,90E-05;0,0072316;0,001;7,90E-08;;
5,145;7,51E-05;0,007306692;0,001;7,51E-08;;
5,146;7,60E-05;0,007382661;0,001;7,60E-08;;
5,147;7,77E-05;0,007460387;0,001;7,77E-08;;
5,148;8,21E-05;0,007542505;0,001;8,21E-08;;
5,149;7,82E-05;0,00762067;0,001;7,82E-08;;
5,15;6,76E-05;0,007688296;0,001;6,76E-08;;
5,151;7,51E-05;0,007763387;0,001;7,51E-08;;
5,152;7,90E-05;0,007842431;0,001;7,90E-08;;
5,153;7,03E-05;0,007912692;0,001;7,03E-08;;
5,154;8,08E-05;0,007993492;0,001;8,08E-08;;
5,155;8,08E-05;0,008074292;0,001;8,08E-08;;
5,156;8,17E-05;0,00815597;0,001;8,17E-08;;
5,157;8,34E-05;0,008239405;0,001;8,34E-08;;
5,158;8,21E-05;0,008321522;0,001;8,21E-08;;
5,159;7,07E-05;0,008392222;0,001;7,07E-08;;
5,16;7,07E-05;0,008462922;0,001;7,07E-08;;
5,161;7,25E-05;0,008535379;0,001;7,25E-08;;
5,162;8,21E-05;0,008617496;0,001;8,21E-08;;
5,163;8,52E-05;0,008702687;0,001;8,52E-08;;
5,164;8,56E-05;0,008788318;0,001;8,56E-08;;
5,165;8,87E-05;0,008877022;0,001;8,87E-08;;
5,166;8,04E-05;0,008957383;0,001;8,04E-08;;
5,167;9,05E-05;0,009047844;0,001;9,05E-08;;
5,168;8,43E-05;0,009132157;0,001;8,43E-08;;
5,169;8,43E-05;0,00921647;0,001;8,43E-08;;
5,17;8,74E-05;0,009303857;0,001;8,74E-08;;
5,171;8,78E-05;0,009391683;0,001;8,78E-08;;
5,172;8,65E-05;0,009478192;0,001;8,65E-08;;
5,173;8,61E-05;0,009564261;0,001;8,61E-08;;
5,174;8,43E-05;0,009648574;0,001;8,43E-08;;
5,175;8,39E-05;0,009732448;0,001;8,39E-08;;
5,176;7,82E-05;0,009810613;0,001;7,82E-08;;
5,177;8,65E-05;0,009897122;0,001;8,65E-08;;
5,178;8,30E-05;0,009980118;0,001;8,30E-08;;
5,179;8,48E-05;0,01006487;0,001;8,48E-08;;
5,18;8,34E-05;0,010148305;0,001;8,34E-08;;
5,181;8,65E-05;0,010234813;0,001;8,65E-08;;
5,182;7,64E-05;0,010311222;0,001;7,64E-08;;
5,183;8,56E-05;0,010396853;0,001;8,56E-08;;
5,184;7,99E-05;0,010476774;0,001;7,99E-08;;
5,185;8,74E-05;0,010564161;0,001;8,74E-08;;
5,186;8,12E-05;0,0106454;0,001;8,12E-08;;
5,187;8,39E-05;0,010729274;0,001;8,39E-08;;
5,188;8,30E-05;0,01081227;0,001;8,30E-08;;
5,189;8,26E-05;0,010894826;0,001;8,26E-08;;
5,19;8,43E-05;0,01097914;0,001;8,43E-08;;
5,191;8,56E-05;0,01106477;0,001;8,56E-08;;
5,192;8,34E-05;0,011148205;0,001;8,34E-08;;
5,193;8,17E-05;0,011229883;0,001;8,17E-08;;
5,194;8,17E-05;0,011311561;0,001;8,17E-08;;
5,195;8,65E-05;0,01139807;0,001;8,65E-08;;
5,196;8,30E-05;0,011481066;0,001;8,30E-08;;
5,197;8,34E-05;0,0115645;0,001;8,34E-08;;
5,198;8,21E-05;0,011646618;0,001;8,21E-08;;
5,199;8,34E-05;0,011730053;0,001;8,34E-08;;
5,2;8,43E-05;0,011814366;0,001;8,43E-08;;
5,201;7,77E-05;0,011892092;0,001;7,77E-08;;
5,202;8,12E-05;0,011973331;0,001;8,12E-08;;
5,203;8,43E-05;0,012057644;0,001;8,43E-08;;
5,204;8,34E-05;0,012141079;0,001;8,34E-08;;
5,205;8,21E-05;0,012223196;0,001;8,21E-08;;
5,206;8,52E-05;0,012308387;0,001;8,52E-08;;
5,207;8,34E-05;0,012391822;0,001;8,34E-08;;
5,208;9,05E-05;0,012482283;0,001;9,05E-08;;
5,209;8,83E-05;0,012570548;0,001;8,83E-08;;
5,21;8,48E-05;0,0126553;0,001;8,48E-08;;
5,211;8,87E-05;0,012744005;0,001;8,87E-08;;
5,212;8,91E-05;0,012833148;0,001;8,91E-08;;
5,213;8,43E-05;0,012917461;0,001;8,43E-08;;
5,214;8,48E-05;0,013002214;0,001;8,48E-08;;
5,215;8,78E-05;0,01309004;0,001;8,78E-08;;
5,216;8,74E-05;0,013177427;0,001;8,74E-08;;
5,217;8,56E-05;0,013263057;0,001;8,56E-08;;
5,218;8,17E-05;0,013344735;0,001;8,17E-08;;
5,219;8,34E-05;0,01342817;0,001;8,34E-08;;
5,22;8,12E-05;0,013509409;0,001;8,12E-08;;
5,221;8,34E-05;0,013592844;0,001;8,34E-08;;
5,222;8,96E-05;0,013682427;0,001;8,96E-08;;
5,223;8,61E-05;0,013768496;0,001;8,61E-08;;
5,224;8,91E-05;0,01385764;0,001;8,91E-08;;
5,225;8,61E-05;0,013943709;0,001;8,61E-08;;
5,226;8,91E-05;0,014032853;0,001;8,91E-08;;
5,227;8,48E-05;0,014117605;0,001;8,48E-08;;
5,228;8,61E-05;0,014203674;0,001;8,61E-08;;
5,229;8,39E-05;0,014287548;0,001;8,39E-08;;
5,23;8,91E-05;0,014376692;0,001;8,91E-08;;
5,231;9,09E-05;0,014467592;0,001;9,09E-08;;
5,232;8,56E-05;0,014553222;0,001;8,56E-08;;
5,233;8,17E-05;0,014634901;0,001;8,17E-08;;
5,234;8,08E-05;0,014715701;0,001;8,08E-08;;
5,235;8,56E-05;0,014801331;0,001;8,56E-08;;
5,236;8,39E-05;0,014885205;0,001;8,39E-08;;
5,237;8,34E-05;0,01496864;0,001;8,34E-08;;
5,238;8,39E-05;0,015052514;0,001;8,39E-08;;
5,239;8,39E-05;0,015136388;0,001;8,39E-08;;
5,24;8,91E-05;0,015225531;0,001;8,91E-08;;
5,241;8,43E-05;0,015309844;0,001;8,43E-08;;
5,242;8,56E-05;0,015395474;0,001;8,56E-08;;
5,243;8,43E-05;0,015479788;0,001;8,43E-08;;
5,244;8,69E-05;0,015566735;0,001;8,69E-08;;
5,245;8,48E-05;0,015651488;0,001;8,48E-08;;
5,246;8,43E-05;0,015735801;0,001;8,43E-08;;
5,247;8,69E-05;0,015822748;0,001;8,69E-08;;
5,248;8,87E-05;0,015911453;0,001;8,87E-08;;
5,249;8,74E-05;0,01599884;0,001;8,74E-08;;
5,25;8,34E-05;0,016082275;0,001;8,34E-08;;
5,251;8,96E-05;0,016171857;0,001;8,96E-08;;
5,252;8,61E-05;0,016257927;0,001;8,61E-08;;
5,253;8,61E-05;0,016343996;0,001;8,61E-08;;
5,254;8,74E-05;0,016431383;0,001;8,74E-08;;
5,255;8,52E-05;0,016516575;0,001;8,52E-08;;
5,256;8,83E-05;0,01660484;0,001;8,83E-08;;
5,257;8,96E-05;0,016694422;0,001;8,96E-08;;
5,258;8,61E-05;0,016780492;0,001;8,61E-08;;
5,259;8,48E-05;0,016865244;0,001;8,48E-08;;
5,26;8,17E-05;0,016946922;0,001;8,17E-08;;
5,261;8,26E-05;0,017029479;0,001;8,26E-08;;
5,262;8,30E-05;0,017112475;0,001;8,30E-08;;
5,263;8,61E-05;0,017198544;0,001;8,61E-08;;
5,264;8,43E-05;0,017282857;0,001;8,43E-08;;
5,265;8,83E-05;0,017371122;0,001;8,83E-08;;
5,266;8,78E-05;0,017458948;0,001;8,78E-08;;
5,267;8,74E-05;0,017546335;0,001;8,74E-08;;
5,268;8,61E-05;0,017632405;0,001;8,61E-08;;
5,269;8,78E-05;0,017720231;0,001;8,78E-08;;
5,27;9,09E-05;0,017811131;0,001;9,09E-08;;
5,271;8,65E-05;0,01789764;0,001;8,65E-08;;
5,272;8,65E-05;0,017984149;0,001;8,65E-08;;
5,273;8,78E-05;0,018071975;0,001;8,78E-08;;
5,274;8,39E-05;0,018155849;0,001;8,39E-08;;
5,275;8,74E-05;0,018243235;0,001;8,74E-08;;
5,276;8,74E-05;0,018330622;0,001;8,74E-08;;
5,277;8,52E-05;0,018415814;0,001;8,52E-08;;
5,278;8,69E-05;0,018502762;0,001;8,69E-08;;
5,279;9,05E-05;0,018593222;0,001;9,05E-08;;
5,28;8,74E-05;0,018680609;0,001;8,74E-08;;
5,281;8,52E-05;0,018765801;0,001;8,52E-08;;
5,282;9,18E-05;0,018857579;0,001;9,18E-08;;
5,283;8,43E-05;0,018941892;0,001;8,43E-08;;
5,284;8,74E-05;0,019029279;0,001;8,74E-08;;
5,285;8,56E-05;0,019114909;0,001;8,56E-08;;
5,286;8,52E-05;0,019200101;0,001;8,52E-08;;
5,287;8,56E-05;0,019285731;0,001;8,56E-08;;
5,288;8,56E-05;0,019371362;0,001;8,56E-08;;
5,289;8,74E-05;0,019458749;0,001;8,74E-08;;
5,29;8,34E-05;0,019542183;0,001;8,34E-08;;
5,291;8,30E-05;0,019625179;0,001;8,30E-08;;
5,292;8,39E-05;0,019709053;0,001;8,39E-08;;
5,293;7,86E-05;0,019787657;0,001;7,86E-08;;
5,294;8,21E-05;0,019869775;0,001;8,21E-08;;
5,295;8,30E-05;0,01995277;0,001;8,30E-08;;
5,296;8,52E-05;0,020037962;0,001;8,52E-08;;
5,297;7,90E-05;0,020117005;0,001;7,90E-08;;
5,298;8,12E-05;0,020198244;0,001;8,12E-08;;
5,299;7,90E-05;0,020277288;0,001;7,90E-08;;
5,3;8,26E-05;0,020359844;0,001;8,26E-08;;
5,301;8,30E-05;0,02044284;0,001;8,30E-08;;
5,302;8,26E-05;0,020525396;0,001;8,26E-08;;
5,303;7,86E-05;0,020604001;0,001;7,86E-08;;
5,304;8,78E-05;0,020691827;0,001;8,78E-08;;
5,305;8,78E-05;0,020779653;0,001;8,78E-08;;
5,306;8,56E-05;0,020865283;0,001;8,56E-08;;
5,307;8,83E-05;0,020953549;0,001;8,83E-08;;
5,308;8,43E-05;0,021037862;0,001;8,43E-08;;
5,309;8,52E-05;0,021123053;0,001;8,52E-08;;
5,31;8,87E-05;0,021211757;0,001;8,87E-08;;
5,311;8,48E-05;0,021296509;0,001;8,48E-08;;
5,312;8,30E-05;0,021379505;0,001;8,30E-08;;
5,313;8,96E-05;0,021469088;0,001;8,96E-08;;
5,314;8,91E-05;0,021558231;0,001;8,91E-08;;
5,315;8,96E-05;0,021647814;0,001;8,96E-08;;
5,316;9,00E-05;0,021737836;0,001;9,00E-08;;
5,317;8,52E-05;0,021823027;0,001;8,52E-08;;
5,318;8,34E-05;0,021906462;0,001;8,34E-08;;
5,319;8,39E-05;0,021990336;0,001;8,39E-08;;
5,32;9,22E-05;0,022082553;0,001;9,22E-08;;
5,321;8,52E-05;0,022167744;0,001;8,52E-08;;
5,322;8,12E-05;0,022248983;0,001;8,12E-08;;
5,323;8,61E-05;0,022335053;0,001;8,61E-08;;
5,324;9,05E-05;0,022425514;0,001;9,05E-08;;
5,325;8,69E-05;0,022512462;0,001;8,69E-08;;
5,326;8,17E-05;0,02259414;0,001;8,17E-08;;
5,327;8,39E-05;0,022678014;0,001;8,39E-08;;
5,328;8,26E-05;0,02276057;0,001;8,26E-08;;
5,329;8,96E-05;0,022850153;0,001;8,96E-08;;
5,33;8,43E-05;0,022934466;0,001;8,43E-08;;
5,331;8,34E-05;0,023017901;0,001;8,34E-08;;
5,332;8,61E-05;0,02310397;0,001;8,61E-08;;
5,333;9,05E-05;0,023194431;0,001;9,05E-08;;
5,334;7,95E-05;0,023273914;0,001;7,95E-08;;
5,335;8,30E-05;0,02335691;0,001;8,30E-08;;
5,336;8,12E-05;0,023438149;0,001;8,12E-08;;
5,337;8,48E-05;0,023522901;0,001;8,48E-08;;
5,338;8,26E-05;0,023605457;0,001;8,26E-08;;
5,339;8,48E-05;0,02369021;0,001;8,48E-08;;
5,34;8,17E-05;0,023771888;0,001;8,17E-08;;
5,341;8,39E-05;0,023855762;0,001;8,39E-08;;
5,342;8,39E-05;0,023939636;0,001;8,39E-08;;
5,343;8,30E-05;0,024022631;0,001;8,30E-08;;
5,344;8,87E-05;0,024111336;0,001;8,87E-08;;
5,345;8,83E-05;0,024199601;0,001;8,83E-08;;
5,346;8,56E-05;0,024285231;0,001;8,56E-08;;
5,347;8,61E-05;0,024371301;0,001;8,61E-08;;
5,348;9,35E-05;0,024464836;0,001;9,35E-08;;
5,349;9,27E-05;0,024557492;0,001;9,27E-08;;
5,35;9,00E-05;0,024647514;0,001;9,00E-08;;
5,351;8,87E-05;0,024736218;0,001;8,87E-08;;
5,352;9,27E-05;0,024828875;0,001;9,27E-08;;
5,353;8,56E-05;0,024914505;0,001;8,56E-08;;
5,354;8,78E-05;0,025002331;0,001;8,78E-08;;
5,355;8,65E-05;0,02508884;0,001;8,65E-08;;
5,356;8,26E-05;0,025171397;0,001;8,26E-08;;
5,357;8,04E-05;0,025251757;0,001;8,04E-08;;
5,358;8,17E-05;0,025333436;0,001;8,17E-08;;
5,359;8,04E-05;0,025413797;0,001;8,04E-08;;
5,36;9,05E-05;0,025504257;0,001;9,05E-08;;
5,361;8,61E-05;0,025590327;0,001;8,61E-08;;
5,362;8,69E-05;0,025677275;0,001;8,69E-08;;
5,363;8,26E-05;0,025759831;0,001;8,26E-08;;
5,364;8,34E-05;0,025843266;0,001;8,34E-08;;
5,365;8,78E-05;0,025931092;0,001;8,78E-08;;
5,366;8,43E-05;0,026015405;0,001;8,43E-08;;
5,367;9,05E-05;0,026105866;0,001;9,05E-08;;
5,368;9,05E-05;0,026196327;0,001;9,05E-08;;
5,369;8,61E-05;0,026282397;0,001;8,61E-08;;
5,37;8,74E-05;0,026369784;0,001;8,74E-08;;
5,371;9,18E-05;0,026461562;0,001;9,18E-08;;
5,372;8,26E-05;0,026544118;0,001;8,26E-08;;
5,373;8,83E-05;0,026632384;0,001;8,83E-08;;
5,374;8,87E-05;0,026721088;0,001;8,87E-08;;
5,375;8,56E-05;0,026806718;0,001;8,56E-08;;
5,376;8,48E-05;0,026891471;0,001;8,48E-08;;
5,377;8,56E-05;0,026977101;0,001;8,56E-08;;
5,378;8,61E-05;0,027063171;0,001;8,61E-08;;
5,379;7,95E-05;0,027142653;0,001;7,95E-08;;
5,38;8,12E-05;0,027223892;0,001;8,12E-08;;
5,381;8,43E-05;0,027308205;0,001;8,43E-08;;
5,382;8,48E-05;0,027392958;0,001;8,48E-08;;
5,383;8,78E-05;0,027480784;0,001;8,78E-08;;
5,384;8,48E-05;0,027565536;0,001;8,48E-08;;
5,385;8,30E-05;0,027648531;0,001;8,30E-08;;
5,386;8,78E-05;0,027736358;0,001;8,78E-08;;
5,387;8,26E-05;0,027818914;0,001;8,26E-08;;
5,388;8,43E-05;0,027903227;0,001;8,43E-08;;
5,389;8,65E-05;0,027989736;0,001;8,65E-08;;
5,39;8,39E-05;0,02807361;0,001;8,39E-08;;
5,391;8,48E-05;0,028158362;0,001;8,48E-08;;
5,392;8,56E-05;0,028243992;0,001;8,56E-08;;
5,393;8,52E-05;0,028329184;0,001;8,52E-08;;
5,394;8,48E-05;0,028413936;0,001;8,48E-08;;
5,395;8,34E-05;0,028497371;0,001;8,34E-08;;
5,396;8,21E-05;0,028579488;0,001;8,21E-08;;
5,397;8,43E-05;0,028663801;0,001;8,43E-08;;
5,398;8,34E-05;0,028747236;0,001;8,34E-08;;
5,399;8,78E-05;0,028835062;0,001;8,78E-08;;
5,4;8,61E-05;0,028921132;0,001;8,61E-08;;
5,401;8,26E-05;0,029003688;0,001;8,26E-08;;
5,402;8,43E-05;0,029088001;0,001;8,43E-08;;
5,403;8,56E-05;0,029173632;0,001;8,56E-08;;
5,404;8,69E-05;0,029260579;0,001;8,69E-08;;
5,405;8,69E-05;0,029347527;0,001;8,69E-08;;
5,406;8,12E-05;0,029428766;0,001;8,12E-08;;
5,407;8,04E-05;0,029509127;0,001;8,04E-08;;
5,408;8,17E-05;0,029590805;0,001;8,17E-08;;
5,409;8,69E-05;0,029677753;0,001;8,69E-08;;
5,41;8,52E-05;0,029762945;0,001;8,52E-08;;
5,411;8,17E-05;0,029844623;0,001;8,17E-08;;
5,412;8,83E-05;0,029932888;0,001;8,83E-08;;
5,413;8,39E-05;0,030016762;0,001;8,39E-08;;
5,414;8,04E-05;0,030097123;0,001;8,04E-08;;
5,415;8,17E-05;0,030178801;0,001;8,17E-08;;
5,416;7,95E-05;0,030258284;0,001;7,95E-08;;
5,417;8,12E-05;0,030339523;0,001;8,12E-08;;
5,418;8,17E-05;0,030421201;0,001;8,17E-08;;
5,419;7,95E-05;0,030500684;0,001;7,95E-08;;
5,42;8,26E-05;0,03058324;0,001;8,26E-08;;
5,421;8,12E-05;0,030664479;0,001;8,12E-08;;
5,422;8,52E-05;0,030749671;0,001;8,52E-08;;
5,423;8,83E-05;0,030837936;0,001;8,83E-08;;
5,424;8,83E-05;0,030926201;0,001;8,83E-08;;
5,425;8,04E-05;0,031006562;0,001;8,04E-08;;
5,426;8,43E-05;0,031090875;0,001;8,43E-08;;
5,427;8,65E-05;0,031177384;0,001;8,65E-08;;
5,428;8,56E-05;0,031263014;0,001;8,56E-08;;
5,429;8,39E-05;0,031346888;0,001;8,39E-08;;
5,43;8,91E-05;0,031436032;0,001;8,91E-08;;
5,431;8,78E-05;0,031523858;0,001;8,78E-08;;
5,432;8,39E-05;0,031607732;0,001;8,39E-08;;
5,433;8,78E-05;0,031695558;0,001;8,78E-08;;
5,434;8,69E-05;0,031782506;0,001;8,69E-08;;
5,435;8,26E-05;0,031865062;0,001;8,26E-08;;
5,436;8,12E-05;0,031946301;0,001;8,12E-08;;
5,437;8,39E-05;0,032030175;0,001;8,39E-08;;
5,438;8,34E-05;0,03211361;0,001;8,34E-08;;
5,439;8,34E-05;0,032197045;0,001;8,34E-08;;
5,44;7,55E-05;0,032272575;0,001;7,55E-08;;
5,441;8,39E-05;0,032356449;0,001;8,39E-08;;
5,442;8,21E-05;0,032438566;0,001;8,21E-08;;
5,443;8,04E-05;0,032518927;0,001;8,04E-08;;
5,444;8,34E-05;0,032602362;0,001;8,34E-08;;
5,445;8,34E-05;0,032685797;0,001;8,34E-08;;
5,446;8,61E-05;0,032771866;0,001;8,61E-08;;
5,447;8,39E-05;0,03285574;0,001;8,39E-08;;
5,448;8,39E-05;0,032939614;0,001;8,39E-08;;
5,449;9,00E-05;0,033029636;0,001;9,00E-08;;
5,45;8,12E-05;0,033110875;0,001;8,12E-08;;
5,451;8,21E-05;0,033192993;0,001;8,21E-08;;
5,452;9,18E-05;0,033284771;0,001;9,18E-08;;
5,453;8,69E-05;0,033371719;0,001;8,69E-08;;
5,454;8,34E-05;0,033455153;0,001;8,34E-08;;
5,455;8,39E-05;0,033539027;0,001;8,39E-08;;
5,456;8,56E-05;0,033624658;0,001;8,56E-08;;
5,457;8,52E-05;0,033709849;0,001;8,52E-08;;
5,458;8,26E-05;0,033792406;0,001;8,26E-08;;
5,459;8,43E-05;0,033876719;0,001;8,43E-08;;
5,46;8,78E-05;0,033964545;0,001;8,78E-08;;
5,461;8,61E-05;0,034050614;0,001;8,61E-08;;
5,462;8,69E-05;0,034137562;0,001;8,69E-08;;
5,463;8,61E-05;0,034223632;0,001;8,61E-08;;
5,464;7,68E-05;0,03430048;0,001;7,68E-08;;
5,465;8,34E-05;0,034383914;0,001;8,34E-08;;
5,466;8,26E-05;0,034466471;0,001;8,26E-08;;
5,467;8,21E-05;0,034548588;0,001;8,21E-08;;
5,468;8,12E-05;0,034629827;0,001;8,12E-08;;
5,469;8,56E-05;0,034715458;0,001;8,56E-08;;
5,47;8,30E-05;0,034798454;0,001;8,30E-08;;
5,471;7,60E-05;0,034874423;0,001;7,60E-08;;
5,472;7,82E-05;0,034952588;0,001;7,82E-08;;
5,473;7,68E-05;0,035029436;0,001;7,68E-08;;
5,474;8,08E-05;0,035110236;0,001;8,08E-08;;
5,475;8,61E-05;0,035196306;0,001;8,61E-08;;
5,476;8,04E-05;0,035276667;0,001;8,04E-08;;
5,477;8,04E-05;0,035357027;0,001;8,04E-08;;
5,478;8,26E-05;0,035439584;0,001;8,26E-08;;
5,479;7,68E-05;0,035516432;0,001;7,68E-08;;
5,48;8,04E-05;0,035596793;0,001;8,04E-08;;
5,481;8,43E-05;0,035681106;0,001;8,43E-08;;
5,482;8,56E-05;0,035766736;0,001;8,56E-08;;
5,483;8,21E-05;0,035848854;0,001;8,21E-08;;
5,484;7,86E-05;0,035927458;0,001;7,86E-08;;
5,485;8,30E-05;0,036010454;0,001;8,30E-08;;
5,486;8,65E-05;0,036096962;0,001;8,65E-08;;
5,487;8,61E-05;0,036183032;0,001;8,61E-08;;
5,488;8,83E-05;0,036271297;0,001;8,83E-08;;
5,489;8,12E-05;0,036352536;0,001;8,12E-08;;
5,49;9,09E-05;0,036443436;0,001;9,09E-08;;
5,491;8,74E-05;0,036530823;0,001;8,74E-08;;
5,492;8,83E-05;0,036619088;0,001;8,83E-08;;
5,493;8,69E-05;0,036706036;0,001;8,69E-08;;
5,494;8,78E-05;0,036793862;0,001;8,78E-08;;
5,495;8,43E-05;0,036878175;0,001;8,43E-08;;
5,496;9,00E-05;0,036968197;0,001;9,00E-08;;
5,497;8,61E-05;0,037054267;0,001;8,61E-08;;
5,498;8,56E-05;0,037139897;0,001;8,56E-08;;
5,499;8,39E-05;0,037223771;0,001;8,39E-08;;
5,5;8,39E-05;0,037307645;0,001;8,39E-08;;
5,501;7,51E-05;0,037382736;0,001;7,51E-08;;
5,502;8,26E-05;0,037465293;0,001;8,26E-08;;
5,503;8,74E-05;0,03755268;0,001;8,74E-08;;
5,504;8,65E-05;0,037639188;0,001;8,65E-08;;
5,505;8,52E-05;0,03772438;0,001;8,52E-08;;
5,506;8,78E-05;0,037812206;0,001;8,78E-08;;
5,507;8,30E-05;0,037895201;0,001;8,30E-08;;
5,508;8,12E-05;0,037976441;0,001;8,12E-08;;
5,509;7,99E-05;0,038056362;0,001;7,99E-08;;
5,51;8,56E-05;0,038141993;0,001;8,56E-08;;
5,511;8,83E-05;0,038230258;0,001;8,83E-08;;
5,512;9,49E-05;0,03832511;0,001;9,49E-08;;
5,513;9,66E-05;0,038421719;0,001;9,66E-08;;
5,514;8,65E-05;0,038508228;0,001;8,65E-08;;
5,515;8,69E-05;0,038595175;0,001;8,69E-08;;
5,516;8,48E-05;0,038679928;0,001;8,48E-08;;
5,517;7,95E-05;0,03875941;0,001;7,95E-08;;
5,518;8,87E-05;0,038848115;0,001;8,87E-08;;
5,519;8,48E-05;0,038932867;0,001;8,48E-08;;
5,52;8,34E-05;0,039016301;0,001;8,34E-08;;
5,521;8,69E-05;0,039103249;0,001;8,69E-08;;
5,522;8,30E-05;0,039186245;0,001;8,30E-08;;
5,523;8,30E-05;0,039269241;0,001;8,30E-08;;
5,524;8,30E-05;0,039352236;0,001;8,30E-08;;
5,525;8,34E-05;0,039435671;0,001;8,34E-08;;
5,526;8,08E-05;0,039516471;0,001;8,08E-08;;
5,527;8,96E-05;0,039606054;0,001;8,96E-08;;
5,528;8,91E-05;0,039695197;0,001;8,91E-08;;
5,529;8,61E-05;0,039781267;0,001;8,61E-08;;
5,53;8,96E-05;0,039870849;0,001;8,96E-08;;
5,531;0,000107148;0,039977997;0,001;1,07E-07;;
5,532;9,00E-05;0,040068019;0,001;9,00E-08;;
5,533;8,78E-05;0,040155845;0,001;8,78E-08;;
5,534;8,48E-05;0,040240597;0,001;8,48E-08;;
5,535;8,26E-05;0,040323154;0,001;8,26E-08;;
5,536;8,21E-05;0,040405271;0,001;8,21E-08;;
5,537;8,61E-05;0,040491341;0,001;8,61E-08;;
5,538;8,43E-05;0,040575654;0,001;8,43E-08;;
5,539;8,78E-05;0,04066348;0,001;8,78E-08;;
5,54;8,04E-05;0,040743841;0,001;8,04E-08;;
5,541;8,12E-05;0,04082508;0,001;8,12E-08;;
5,542;8,43E-05;0,040909393;0,001;8,43E-08;;
5,543;8,56E-05;0,040995023;0,001;8,56E-08;;
5,544;8,52E-05;0,041080215;0,001;8,52E-08;;
5,545;8,74E-05;0,041167602;0,001;8,74E-08;;
5,546;8,26E-05;0,041250158;0,001;8,26E-08;;
5,547;8,12E-05;0,041331397;0,001;8,12E-08;;
5,548;8,48E-05;0,041416149;0,001;8,48E-08;;
5,549;7,90E-05;0,041495193;0,001;7,90E-08;;
5,55;8,12E-05;0,041576432;0,001;8,12E-08;;
5,551;7,86E-05;0,041655036;0,001;7,86E-08;;
5,552;8,17E-05;0,041736715;0,001;8,17E-08;;
5,553;8,34E-05;0,041820149;0,001;8,34E-08;;
5,554;8,21E-05;0,041902267;0,001;8,21E-08;;
5,555;8,34E-05;0,041985702;0,001;8,34E-08;;
5,556;8,48E-05;0,042070454;0,001;8,48E-08;;
5,557;8,48E-05;0,042155206;0,001;8,48E-08;;
5,558;8,91E-05;0,042244349;0,001;8,91E-08;;
5,559;7,99E-05;0,042324271;0,001;7,99E-08;;
5,56;8,48E-05;0,042409023;0,001;8,48E-08;;
5,561;8,21E-05;0,042491141;0,001;8,21E-08;;
5,562;8,48E-05;0,042575893;0,001;8,48E-08;;
5,563;9,13E-05;0,042667232;0,001;9,13E-08;;
5,564;8,21E-05;0,042749349;0,001;8,21E-08;;
5,565;8,61E-05;0,042835419;0,001;8,61E-08;;
5,566;8,48E-05;0,042920171;0,001;8,48E-08;;
5,567;8,48E-05;0,043004923;0,001;8,48E-08;;
5,568;8,83E-05;0,043093189;0,001;8,83E-08;;
5,569;8,83E-05;0,043181454;0,001;8,83E-08;;
5,57;8,26E-05;0,04326401;0,001;8,26E-08;;
5,571;8,74E-05;0,043351397;0,001;8,74E-08;;
5,572;8,43E-05;0,04343571;0,001;8,43E-08;;
5,573;8,48E-05;0,043520463;0,001;8,48E-08;;
5,574;7,99E-05;0,043600384;0,001;7,99E-08;;
5,575;8,87E-05;0,043689089;0,001;8,87E-08;;
5,576;8,74E-05;0,043776476;0,001;8,74E-08;;
5,577;8,04E-05;0,043856836;0,001;8,04E-08;;
5,578;8,56E-05;0,043942467;0,001;8,56E-08;;
5,579;8,87E-05;0,044031171;0,001;8,87E-08;;
5,58;8,52E-05;0,044116363;0,001;8,52E-08;;
5,581;8,52E-05;0,044201554;0,001;8,52E-08;;
5,582;8,21E-05;0,044283671;0,001;8,21E-08;;
5,583;8,61E-05;0,044369741;0,001;8,61E-08;;
5,584;8,56E-05;0,044455371;0,001;8,56E-08;;
5,585;8,43E-05;0,044539684;0,001;8,43E-08;;
5,586;8,04E-05;0,044620045;0,001;8,04E-08;;
5,587;8,34E-05;0,04470348;0,001;8,34E-08;;
5,588;7,68E-05;0,044780328;0,001;7,68E-08;;
5,589;7,77E-05;0,044858054;0,001;7,77E-08;;
5,59;7,86E-05;0,044936658;0,001;7,86E-08;;
5,591;8,48E-05;0,04502141;0,001;8,48E-08;;
5,592;8,21E-05;0,045103528;0,001;8,21E-08;;
5,593;8,43E-05;0,045187841;0,001;8,43E-08;;
5,594;8,21E-05;0,045269958;0,001;8,21E-08;;
5,595;8,34E-05;0,045353393;0,001;8,34E-08;;
5,596;7,99E-05;0,045433315;0,001;7,99E-08;;
5,597;8,43E-05;0,045517628;0,001;8,43E-08;;
5,598;7,90E-05;0,045596671;0,001;7,90E-08;;
5,599;8,43E-05;0,045680984;0,001;8,43E-08;;
5,6;8,96E-05;0,045770567;0,001;8,96E-08;;
5,601;8,04E-05;0,045850928;0,001;8,04E-08;;
5,602;8,30E-05;0,045933923;0,001;8,30E-08;;
5,603;8,39E-05;0,046017797;0,001;8,39E-08;;
5,604;8,83E-05;0,046106063;0,001;8,83E-08;;
5,605;8,78E-05;0,046193889;0,001;8,78E-08;;
5,606;8,52E-05;0,04627908;0,001;8,52E-08;;
5,607;8,30E-05;0,046362076;0,001;8,30E-08;;
5,608;8,34E-05;0,04644551;0,001;8,34E-08;;
5,609;8,52E-05;0,046530702;0,001;8,52E-08;;
5,61;8,26E-05;0,046613258;0,001;8,26E-08;;
5,611;8,26E-05;0,046695815;0,001;8,26E-08;;
5,612;8,65E-05;0,046782324;0,001;8,65E-08;;
5,613;7,95E-05;0,046861806;0,001;7,95E-08;;
5,614;8,34E-05;0,046945241;0,001;8,34E-08;;
5,615;8,21E-05;0,047027358;0,001;8,21E-08;;
5,616;8,12E-05;0,047108597;0,001;8,12E-08;;
5,617;8,26E-05;0,047191154;0,001;8,26E-08;;
5,618;8,56E-05;0,047276784;0,001;8,56E-08;;
5,619;8,21E-05;0,047358902;0,001;8,21E-08;;
5,62;7,95E-05;0,047438384;0,001;7,95E-08;;
5,621;8,34E-05;0,047521819;0,001;8,34E-08;;
5,622;8,26E-05;0,047604376;0,001;8,26E-08;;
5,623;8,83E-05;0,047692641;0,001;8,83E-08;;
5,624;8,26E-05;0,047775197;0,001;8,26E-08;;
5,625;8,56E-05;0,047860828;0,001;8,56E-08;;
5,626;8,08E-05;0,047941628;0,001;8,08E-08;;
5,627;8,39E-05;0,048025502;0,001;8,39E-08;;
5,628;8,52E-05;0,048110693;0,001;8,52E-08;;
5,629;7,95E-05;0,048190176;0,001;7,95E-08;;
5,63;8,39E-05;0,04827405;0,001;8,39E-08;;
5,631;8,74E-05;0,048361437;0,001;8,74E-08;;
5,632;8,39E-05;0,048445311;0,001;8,39E-08;;
5,633;8,78E-05;0,048533137;0,001;8,78E-08;;
5,634;7,68E-05;0,048609984;0,001;7,68E-08;;
5,635;8,30E-05;0,04869298;0,001;8,30E-08;;
5,636;8,52E-05;0,048778171;0,001;8,52E-08;;
5,637;9,00E-05;0,048868193;0,001;9,00E-08;;
5,638;8,12E-05;0,048949432;0,001;8,12E-08;;
5,639;8,65E-05;0,049035941;0,001;8,65E-08;;
5,64;7,99E-05;0,049115863;0,001;7,99E-08;;
5,641;8,78E-05;0,049203689;0,001;8,78E-08;;
5,642;7,95E-05;0,049283171;0,001;7,95E-08;;
5,643;7,77E-05;0,049360898;0,001;7,77E-08;;
5,644;8,17E-05;0,049442576;0,001;8,17E-08;;
5,645;8,34E-05;0,049526011;0,001;8,34E-08;;
5,646;8,17E-05;0,049607689;0,001;8,17E-08;;
5,647;7,95E-05;0,049687171;0,001;7,95E-08;;
5,648;8,52E-05;0,049772363;0,001;8,52E-08;;
5,649;7,82E-05;0,049850528;0,001;7,82E-08;;
5,65;8,12E-05;0,049931767;0,001;8,12E-08;;
5,651;7,99E-05;0,050011689;0,001;7,99E-08;;
5,652;8,87E-05;0,050100393;0,001;8,87E-08;;
5,653;7,90E-05;0,050179437;0,001;7,90E-08;;
5,654;8,26E-05;0,050261993;0,001;8,26E-08;;
5,655;9,00E-05;0,050352015;0,001;9,00E-08;;
5,656;8,26E-05;0,050434571;0,001;8,26E-08;;
5,657;8,61E-05;0,050520641;0,001;8,61E-08;;
5,658;8,08E-05;0,050601441;0,001;8,08E-08;;
5,659;8,56E-05;0,050687072;0,001;8,56E-08;;
5,66;8,48E-05;0,050771824;0,001;8,48E-08;;
5,661;8,87E-05;0,050860528;0,001;8,87E-08;;
5,662;7,90E-05;0,050939572;0,001;7,90E-08;;
5,663;8,34E-05;0,051023006;0,001;8,34E-08;;
5,664;8,65E-05;0,051109515;0,001;8,65E-08;;
5,665;8,48E-05;0,051194267;0,001;8,48E-08;;
5,666;8,17E-05;0,051275945;0,001;8,17E-08;;
5,667;8,04E-05;0,051356306;0,001;8,04E-08;;
5,668;7,82E-05;0,051434472;0,001;7,82E-08;;
5,669;8,61E-05;0,051520541;0,001;8,61E-08;;
5,67;8,17E-05;0,051602219;0,001;8,17E-08;;
5,671;8,17E-05;0,051683898;0,001;8,17E-08;;
5,672;7,77E-05;0,051761624;0,001;7,77E-08;;
5,673;8,34E-05;0,051845059;0,001;8,34E-08;;
5,674;7,95E-05;0,051924541;0,001;7,95E-08;;
5,675;7,60E-05;0,052000511;0,001;7,60E-08;;
5,676;8,48E-05;0,052085263;0,001;8,48E-08;;
5,677;8,43E-05;0,052169576;0,001;8,43E-08;;
5,678;8,30E-05;0,052252572;0,001;8,30E-08;;
5,679;8,21E-05;0,052334689;0,001;8,21E-08;;
5,68;8,52E-05;0,05241988;0,001;8,52E-08;;
5,681;8,04E-05;0,052500241;0,001;8,04E-08;;
5,682;8,69E-05;0,052587189;0,001;8,69E-08;;
5,683;8,17E-05;0,052668867;0,001;8,17E-08;;
5,684;8,30E-05;0,052751863;0,001;8,30E-08;;
5,685;8,26E-05;0,052834419;0,001;8,26E-08;;
5,686;7,95E-05;0,052913902;0,001;7,95E-08;;
5,687;8,74E-05;0,053001289;0,001;8,74E-08;;
5,688;7,42E-05;0,053075502;0,001;7,42E-08;;
5,689;8,21E-05;0,053157619;0,001;8,21E-08;;
5,69;7,90E-05;0,053236663;0,001;7,90E-08;;
5,691;7,90E-05;0,053315706;0,001;7,90E-08;;
5,692;7,99E-05;0,053395628;0,001;7,99E-08;;
5,693;8,04E-05;0,053475989;0,001;8,04E-08;;
5,694;7,82E-05;0,053554154;0,001;7,82E-08;;
5,695;8,30E-05;0,05363715;0,001;8,30E-08;;
5,696;8,08E-05;0,05371795;0,001;8,08E-08;;
5,697;7,86E-05;0,053796554;0,001;7,86E-08;;
5,698;8,78E-05;0,05388438;0,001;8,78E-08;;
5,699;7,86E-05;0,053962985;0,001;7,86E-08;;
5,7;7,82E-05;0,05404115;0,001;7,82E-08;;
5,701;7,86E-05;0,054119754;0,001;7,86E-08;;
5,702;7,73E-05;0,054197041;0,001;7,73E-08;;
5,703;7,16E-05;0,054268619;0,001;7,16E-08;;
5,704;7,20E-05;0,054340637;0,001;7,20E-08;;
5,705;8,96E-05;0,054430219;0,001;8,96E-08;;
5,706;7,95E-05;0,054509702;0,001;7,95E-08;;
5,707;8,48E-05;0,054594454;0,001;8,48E-08;;
5,708;8,74E-05;0,054681841;0,001;8,74E-08;;
5,709;8,08E-05;0,054762641;0,001;8,08E-08;;
5,71;8,26E-05;0,054845198;0,001;8,26E-08;;
5,711;7,77E-05;0,054922924;0,001;7,77E-08;;
5,712;8,48E-05;0,055007676;0,001;8,48E-08;;
5,713;8,69E-05;0,055094624;0,001;8,69E-08;;
5,714;8,52E-05;0,055179815;0,001;8,52E-08;;
5,715;8,12E-05;0,055261054;0,001;8,12E-08;;
5,716;8,26E-05;0,055343611;0,001;8,26E-08;;
5,717;8,43E-05;0,055427924;0,001;8,43E-08;;
5,718;8,12E-05;0,055509163;0,001;8,12E-08;;
5,719;8,48E-05;0,055593915;0,001;8,48E-08;;
5,72;7,99E-05;0,055673837;0,001;7,99E-08;;
5,721;7,68E-05;0,055750685;0,001;7,68E-08;;
5,722;7,99E-05;0,055830606;0,001;7,99E-08;;
5,723;8,04E-05;0,055910967;0,001;8,04E-08;;
5,724;8,30E-05;0,055993963;0,001;8,30E-08;;
5,725;8,48E-05;0,056078715;0,001;8,48E-08;;
5,726;8,78E-05;0,056166541;0,001;8,78E-08;;
5,727;8,74E-05;0,056253928;0,001;8,74E-08;;
5,728;8,08E-05;0,056334728;0,001;8,08E-08;;
5,729;8,69E-05;0,056421676;0,001;8,69E-08;;
5,73;7,60E-05;0,056497646;0,001;7,60E-08;;
5,731;8,30E-05;0,056580641;0,001;8,30E-08;;
5,732;7,86E-05;0,056659246;0,001;7,86E-08;;
5,733;7,99E-05;0,056739167;0,001;7,99E-08;;
5,734;8,04E-05;0,056819528;0,001;8,04E-08;;
5,735;7,51E-05;0,05689462;0,001;7,51E-08;;
5,736;7,77E-05;0,056972346;0,001;7,77E-08;;
5,737;7,77E-05;0,057050072;0,001;7,77E-08;;
5,738;7,73E-05;0,057127359;0,001;7,73E-08;;
5,739;7,73E-05;0,057204646;0,001;7,73E-08;;
5,74;7,51E-05;0,057279737;0,001;7,51E-08;;
5,741;8,04E-05;0,057360098;0,001;8,04E-08;;
5,742;7,95E-05;0,05743958;0,001;7,95E-08;;
5,743;8,12E-05;0,05752082;0,001;8,12E-08;;
5,744;7,47E-05;0,057595472;0,001;7,47E-08;;
5,745;7,90E-05;0,057674515;0,001;7,90E-08;;
5,746;7,95E-05;0,057753998;0,001;7,95E-08;;
5,747;7,82E-05;0,057832163;0,001;7,82E-08;;
5,748;8,39E-05;0,057916037;0,001;8,39E-08;;
5,749;7,95E-05;0,05799552;0,001;7,95E-08;;
5,75;7,33E-05;0,058068854;0,001;7,33E-08;;
5,751;7,60E-05;0,058144824;0,001;7,60E-08;;
5,752;7,90E-05;0,058223867;0,001;7,90E-08;;
5,753;8,26E-05;0,058306424;0,001;8,26E-08;;
5,754;7,33E-05;0,058379759;0,001;7,33E-08;;
5,755;8,26E-05;0,058462315;0,001;8,26E-08;;
5,756;8,04E-05;0,058542676;0,001;8,04E-08;;
5,757;7,20E-05;0,058614694;0,001;7,20E-08;;
5,758;7,25E-05;0,05868715;0,001;7,25E-08;;
5,759;8,12E-05;0,058768389;0,001;8,12E-08;;
5,76;7,11E-05;0,058839528;0,001;7,11E-08;;
5,761;7,99E-05;0,05891945;0,001;7,99E-08;;
5,762;7,82E-05;0,058997615;0,001;7,82E-08;;
5,763;8,48E-05;0,059082367;0,001;8,48E-08;;
5,764;8,08E-05;0,059163167;0,001;8,08E-08;;
5,765;7,90E-05;0,059242211;0,001;7,90E-08;;
5,766;7,25E-05;0,059314667;0,001;7,25E-08;;
5,767;8,30E-05;0,059397663;0,001;8,30E-08;;
5,768;7,90E-05;0,059476707;0,001;7,90E-08;;
5,769;8,21E-05;0,059558824;0,001;8,21E-08;;
5,77;7,16E-05;0,059630402;0,001;7,16E-08;;
5,771;8,04E-05;0,059710763;0,001;8,04E-08;;
5,772;7,51E-05;0,059785854;0,001;7,51E-08;;
5,773;7,29E-05;0,05985875;0,001;7,29E-08;;
5,774;7,33E-05;0,059932085;0,001;7,33E-08;;
5,775;8,12E-05;0,060013324;0,001;8,12E-08;;
5,776;7,95E-05;0,060092807;0,001;7,95E-08;;
5,777;8,17E-05;0,060174485;0,001;8,17E-08;;
5,778;7,82E-05;0,06025265;0,001;7,82E-08;;
5,779;8,12E-05;0,060333889;0,001;8,12E-08;;
5,78;8,43E-05;0,060418202;0,001;8,43E-08;;
5,781;7,86E-05;0,060496807;0,001;7,86E-08;;
5,782;8,17E-05;0,060578485;0,001;8,17E-08;;
5,783;8,78E-05;0,060666311;0,001;8,78E-08;;
5,784;9,13E-05;0,06075765;0,001;9,13E-08;;
5,785;7,99E-05;0,060837572;0,001;7,99E-08;;
5,786;8,17E-05;0,06091925;0,001;8,17E-08;;
5,787;7,99E-05;0,060999172;0,001;7,99E-08;;
5,788;8,17E-05;0,06108085;0,001;8,17E-08;;
5,789;8,87E-05;0,061169555;0,001;8,87E-08;;
5,79;8,30E-05;0,06125255;0,001;8,30E-08;;
5,791;8,21E-05;0,061334668;0,001;8,21E-08;;
5,792;8,78E-05;0,061422494;0,001;8,78E-08;;
5,793;7,42E-05;0,061496707;0,001;7,42E-08;;
5,794;7,86E-05;0,061575311;0,001;7,86E-08;;
5,795;8,83E-05;0,061663576;0,001;8,83E-08;;
5,796;8,21E-05;0,061745694;0,001;8,21E-08;;
5,797;7,95E-05;0,061825176;0,001;7,95E-08;;
5,798;7,73E-05;0,061902463;0,001;7,73E-08;;
5,799;9,53E-05;0,061997755;0,001;9,53E-08;;
5,8;8,96E-05;0,062087337;0,001;8,96E-08;;
5,801;7,77E-05;0,062165063;0,001;7,77E-08;;
5,802;8,12E-05;0,062246302;0,001;8,12E-08;;
5,803;8,74E-05;0,062333689;0,001;8,74E-08;;
5,804;8,30E-05;0,062416685;0,001;8,30E-08;;
5,805;7,77E-05;0,062494411;0,001;7,77E-08;;
5,806;8,04E-05;0,062574772;0,001;8,04E-08;;
5,807;8,17E-05;0,06265645;0,001;8,17E-08;;
5,808;9,13E-05;0,062747789;0,001;9,13E-08;;
5,809;8,21E-05;0,062829907;0,001;8,21E-08;;
5,81;8,39E-05;0,062913781;0,001;8,39E-08;;
5,811;8,04E-05;0,062994142;0,001;8,04E-08;;
5,812;7,86E-05;0,063072746;0,001;7,86E-08;;
5,813;7,73E-05;0,063150033;0,001;7,73E-08;;
5,814;8,21E-05;0,06323215;0,001;8,21E-08;;
5,815;7,16E-05;0,063303728;0,001;7,16E-08;;
5,816;8,48E-05;0,063388481;0,001;8,48E-08;;
5,817;7,68E-05;0,063465329;0,001;7,68E-08;;
5,818;7,11E-05;0,063536468;0,001;7,11E-08;;
5,819;8,21E-05;0,063618585;0,001;8,21E-08;;
5,82;8,61E-05;0,063704655;0,001;8,61E-08;;
5,821;7,95E-05;0,063784137;0,001;7,95E-08;;
5,822;7,90E-05;0,063863181;0,001;7,90E-08;;
5,823;7,90E-05;0,063942224;0,001;7,90E-08;;
5,824;7,51E-05;0,064017315;0,001;7,51E-08;;
5,825;7,68E-05;0,064094163;0,001;7,68E-08;;
5,826;7,73E-05;0,06417145;0,001;7,73E-08;;
5,827;8,08E-05;0,06425225;0,001;8,08E-08;;
5,828;7,86E-05;0,064330855;0,001;7,86E-08;;
5,829;8,34E-05;0,064414289;0,001;8,34E-08;;
5,83;8,04E-05;0,06449465;0,001;8,04E-08;;
5,831;8,48E-05;0,064579402;0,001;8,48E-08;;
5,832;7,90E-05;0,064658446;0,001;7,90E-08;;
5,833;8,21E-05;0,064740563;0,001;8,21E-08;;
5,834;8,30E-05;0,064823559;0,001;8,30E-08;;
5,835;9,44E-05;0,064917972;0,001;9,44E-08;;
5,836;8,39E-05;0,065001846;0,001;8,39E-08;;
5,837;8,12E-05;0,065083085;0,001;8,12E-08;;
5,838;7,73E-05;0,065160372;0,001;7,73E-08;;
5,839;7,47E-05;0,065235024;0,001;7,47E-08;;
5,84;7,86E-05;0,065313629;0,001;7,86E-08;;
5,841;7,38E-05;0,065387402;0,001;7,38E-08;;
5,842;7,99E-05;0,065467324;0,001;7,99E-08;;
5,843;8,08E-05;0,065548124;0,001;8,08E-08;;
5,844;7,90E-05;0,065627168;0,001;7,90E-08;;
5,845;7,82E-05;0,065705333;0,001;7,82E-08;;
5,846;7,60E-05;0,065781302;0,001;7,60E-08;;
5,847;8,26E-05;0,065863859;0,001;8,26E-08;;
5,848;8,43E-05;0,065948172;0,001;8,43E-08;;
5,849;8,65E-05;0,066034681;0,001;8,65E-08;;
5,85;8,91E-05;0,066123824;0,001;8,91E-08;;
5,851;8,30E-05;0,06620682;0,001;8,30E-08;;
5,852;7,73E-05;0,066284107;0,001;7,73E-08;;
5,853;7,68E-05;0,066360955;0,001;7,68E-08;;
5,854;7,47E-05;0,066435607;0,001;7,47E-08;;
5,855;8,08E-05;0,066516407;0,001;8,08E-08;;
5,856;7,38E-05;0,066590181;0,001;7,38E-08;;
5,857;8,12E-05;0,06667142;0,001;8,12E-08;;
5,858;8,39E-05;0,066755294;0,001;8,39E-08;;
5,859;8,08E-05;0,066836094;0,001;8,08E-08;;
5,86;7,68E-05;0,066912942;0,001;7,68E-08;;
5,861;7,90E-05;0,066991985;0,001;7,90E-08;;
5,862;8,04E-05;0,067072346;0,001;8,04E-08;;
5,863;7,90E-05;0,067151389;0,001;7,90E-08;;
5,864;7,82E-05;0,067229555;0,001;7,82E-08;;
5,865;7,90E-05;0,067308598;0,001;7,90E-08;;
5,866;8,43E-05;0,067392911;0,001;8,43E-08;;
5,867;7,99E-05;0,067472833;0,001;7,99E-08;;
5,868;8,83E-05;0,067561098;0,001;8,83E-08;;
5,869;8,87E-05;0,067649803;0,001;8,87E-08;;
5,87;8,74E-05;0,06773719;0,001;8,74E-08;;
5,871;7,29E-05;0,067810085;0,001;7,29E-08;;
5,872;8,08E-05;0,067890885;0,001;8,08E-08;;
5,873;7,82E-05;0,06796905;0,001;7,82E-08;;
5,874;8,30E-05;0,068052046;0,001;8,30E-08;;
5,875;7,11E-05;0,068123185;0,001;7,11E-08;;
5,876;7,73E-05;0,068200472;0,001;7,73E-08;;
5,877;8,04E-05;0,068280833;0,001;8,04E-08;;
5,878;7,11E-05;0,068351972;0,001;7,11E-08;;
5,879;8,39E-05;0,068435846;0,001;8,39E-08;;
5,88;7,29E-05;0,068508742;0,001;7,29E-08;;
5,881;7,51E-05;0,068583833;0,001;7,51E-08;;
5,882;8,04E-05;0,068664194;0,001;8,04E-08;;
5,883;7,55E-05;0,068739724;0,001;7,55E-08;;
5,884;8,04E-05;0,068820085;0,001;8,04E-08;;
5,885;8,39E-05;0,068903959;0,001;8,39E-08;;
5,886;7,90E-05;0,068983003;0,001;7,90E-08;;
5,887;7,64E-05;0,069059411;0,001;7,64E-08;;
5,888;7,33E-05;0,069132746;0,001;7,33E-08;;
5,889;7,47E-05;0,069207398;0,001;7,47E-08;;
5,89;7,42E-05;0,069281611;0,001;7,42E-08;;
5,891;8,08E-05;0,069362411;0,001;8,08E-08;;
5,892;7,55E-05;0,069437942;0,001;7,55E-08;;
5,893;7,60E-05;0,069513911;0,001;7,60E-08;;
5,894;8,34E-05;0,069597346;0,001;8,34E-08;;
5,895;7,90E-05;0,06967639;0,001;7,90E-08;;
5,896;8,65E-05;0,069762898;0,001;8,65E-08;;
5,897;7,86E-05;0,069841503;0,001;7,86E-08;;
5,898;7,38E-05;0,069915277;0,001;7,38E-08;;
5,899;7,25E-05;0,069987733;0,001;7,25E-08;;
5,9;8,39E-05;0,070071607;0,001;8,39E-08;;
5,901;8,26E-05;0,070154164;0,001;8,26E-08;;
5,902;8,74E-05;0,07024155;0,001;8,74E-08;;
5,903;8,34E-05;0,070324985;0,001;8,34E-08;;
5,904;8,61E-05;0,070411055;0,001;8,61E-08;;
5,905;8,52E-05;0,070496246;0,001;8,52E-08;;
5,906;6,72E-05;0,070563433;0,001;6,72E-08;;
5,907;7,16E-05;0,070635011;0,001;7,16E-08;;
5,908;7,20E-05;0,070707029;0,001;7,20E-08;;
5,909;7,42E-05;0,070781242;0,001;7,42E-08;;
5,91;7,42E-05;0,070855455;0,001;7,42E-08;;
5,911;7,68E-05;0,070932303;0,001;7,68E-08;;
5,912;7,99E-05;0,071012224;0,001;7,99E-08;;
5,913;8,04E-05;0,071092585;0,001;8,04E-08;;
5,914;7,20E-05;0,071164603;0,001;7,20E-08;;
5,915;7,95E-05;0,071244085;0,001;7,95E-08;;
5,916;8,30E-05;0,071327081;0,001;8,30E-08;;
5,917;7,99E-05;0,071407003;0,001;7,99E-08;;
5,918;7,42E-05;0,071481216;0,001;7,42E-08;;
5,919;7,64E-05;0,071557624;0,001;7,64E-08;;
5,92;7,16E-05;0,071629203;0,001;7,16E-08;;
5,921;7,77E-05;0,071706929;0,001;7,77E-08;;
5,922;7,51E-05;0,07178202;0,001;7,51E-08;;
5,923;7,29E-05;0,071854916;0,001;7,29E-08;;
5,924;7,51E-05;0,071930007;0,001;7,51E-08;;
5,925;7,73E-05;0,072007294;0,001;7,73E-08;;
5,926;6,85E-05;0,072075798;0,001;6,85E-08;;
5,927;7,99E-05;0,07215572;0,001;7,99E-08;;
5,928;7,60E-05;0,07223169;0,001;7,60E-08;;
5,929;7,55E-05;0,07230722;0,001;7,55E-08;;
5,93;7,29E-05;0,072380116;0,001;7,29E-08;;
5,931;7,73E-05;0,072457403;0,001;7,73E-08;;
5,932;6,94E-05;0,072526785;0,001;6,94E-08;;
5,933;7,33E-05;0,07260012;0,001;7,33E-08;;
5,934;7,11E-05;0,072671259;0,001;7,11E-08;;
5,935;7,55E-05;0,07274679;0,001;7,55E-08;;
5,936;7,99E-05;0,072826711;0,001;7,99E-08;;
5,937;7,25E-05;0,072899168;0,001;7,25E-08;;
5,938;7,20E-05;0,072971185;0,001;7,20E-08;;
5,939;7,29E-05;0,073044081;0,001;7,29E-08;;
5,94;6,98E-05;0,073113903;0,001;6,98E-08;;
5,941;7,64E-05;0,073190311;0,001;7,64E-08;;
5,942;6,37E-05;0,073253985;0,001;6,37E-08;;
5,943;7,20E-05;0,073326003;0,001;7,20E-08;;
5,944;7,03E-05;0,073396264;0,001;7,03E-08;;
5,945;7,07E-05;0,073466964;0,001;7,07E-08;;
5,946;7,11E-05;0,073538103;0,001;7,11E-08;;
5,947;6,85E-05;0,073606607;0,001;6,85E-08;;
5,948;7,60E-05;0,073682577;0,001;7,60E-08;;
5,949;6,54E-05;0,073748007;0,001;6,54E-08;;
5,95;7,03E-05;0,073818268;0,001;7,03E-08;;
5,951;7,51E-05;0,073893359;0,001;7,51E-08;;
5,952;7,55E-05;0,07396889;0,001;7,55E-08;;
5,953;7,25E-05;0,074041346;0,001;7,25E-08;;
5,954;6,81E-05;0,074109411;0,001;6,81E-08;;
5,955;7,60E-05;0,074185381;0,001;7,60E-08;;
5,956;6,72E-05;0,074252568;0,001;6,72E-08;;
5,957;6,72E-05;0,074319755;0,001;6,72E-08;;
5,958;6,46E-05;0,074384307;0,001;6,46E-08;;
5,959;7,47E-05;0,074458959;0,001;7,47E-08;;
5,96;7,29E-05;0,074531855;0,001;7,29E-08;;
5,961;8,08E-05;0,074612655;0,001;8,08E-08;;
5,962;7,68E-05;0,074689503;0,001;7,68E-08;;
5,963;7,86E-05;0,074768107;0,001;7,86E-08;;
5,964;6,59E-05;0,074833977;0,001;6,59E-08;;
5,965;7,29E-05;0,074906872;0,001;7,29E-08;;
5,966;7,03E-05;0,074977133;0,001;7,03E-08;;
5,967;6,81E-05;0,075045198;0,001;6,81E-08;;
5,968;7,20E-05;0,075117216;0,001;7,20E-08;;
5,969;7,25E-05;0,075189672;0,001;7,25E-08;;
5,97;7,99E-05;0,075269594;0,001;7,99E-08;;
5,971;8,56E-05;0,075355225;0,001;8,56E-08;;
5,972;7,07E-05;0,075425925;0,001;7,07E-08;;
5,973;6,54E-05;0,075491355;0,001;6,54E-08;;
5,974;7,82E-05;0,07556952;0,001;7,82E-08;;
5,975;8,21E-05;0,075651638;0,001;8,21E-08;;
5,976;7,64E-05;0,075728046;0,001;7,64E-08;;
5,977;8,26E-05;0,075810603;0,001;8,26E-08;;
5,978;7,42E-05;0,075884816;0,001;7,42E-08;;
5,979;8,21E-05;0,075966933;0,001;8,21E-08;;
5,98;7,64E-05;0,076043342;0,001;7,64E-08;;
5,981;7,64E-05;0,076119751;0,001;7,64E-08;;
5,982;7,07E-05;0,076190451;0,001;7,07E-08;;
5,983;6,63E-05;0,076256759;0,001;6,63E-08;;
5,984;6,98E-05;0,076326581;0,001;6,98E-08;;
5,985;7,73E-05;0,076403868;0,001;7,73E-08;;
5,986;8,43E-05;0,076488181;0,001;8,43E-08;;
5,987;8,56E-05;0,076573812;0,001;8,56E-08;;
5,988;8,96E-05;0,076663394;0,001;8,96E-08;;
5,989;8,61E-05;0,076749464;0,001;8,61E-08;;
5,99;8,12E-05;0,076830703;0,001;8,12E-08;;
5,991;7,90E-05;0,076909746;0,001;7,90E-08;;
5,992;8,39E-05;0,07699362;0,001;8,39E-08;;
5,993;8,21E-05;0,077075738;0,001;8,21E-08;;
5,994;7,73E-05;0,077153025;0,001;7,73E-08;;
5,995;8,30E-05;0,07723602;0,001;8,30E-08;;
5,996;8,74E-05;0,077323407;0,001;8,74E-08;;
5,997;8,48E-05;0,077408159;0,001;8,48E-08;;
5,998;7,86E-05;0,077486764;0,001;7,86E-08;;
5,999;7,90E-05;0,077565807;0,001;7,90E-08;;
6;7,99E-05;0,077645729;0,001;7,99E-08;;
6,001;7,73E-05;0,077723016;0,001;7,73E-08;;
6,002;7,25E-05;0,077795472;0,001;7,25E-08;;
6,003;7,42E-05;0,077869686;0,001;7,42E-08;;
6,004;7,60E-05;0,077945655;0,001;7,60E-08;;
6,005;7,60E-05;0,078021625;0,001;7,60E-08;;
6,006;8,12E-05;0,078102864;0,001;8,12E-08;;
6,007;7,90E-05;0,078181907;0,001;7,90E-08;;
6,008;7,60E-05;0,078257877;0,001;7,60E-08;;
6,009;7,99E-05;0,078337799;0,001;7,99E-08;;
6,01;8,12E-05;0,078419038;0,001;8,12E-08;;
6,011;8,21E-05;0,078501155;0,001;8,21E-08;;
6,012;8,39E-05;0,078585029;0,001;8,39E-08;;
6,013;8,34E-05;0,078668464;0,001;8,34E-08;;
6,014;8,96E-05;0,078758046;0,001;8,96E-08;;
6,015;9,18E-05;0,078849825;0,001;9,18E-08;;
6,016;8,12E-05;0,078931064;0,001;8,12E-08;;
6,017;7,47E-05;0,079005716;0,001;7,47E-08;;
6,018;8,43E-05;0,079090029;0,001;8,43E-08;;
6,019;7,82E-05;0,079168194;0,001;7,82E-08;;
6,02;8,43E-05;0,079252507;0,001;8,43E-08;;
6,021;8,56E-05;0,079338138;0,001;8,56E-08;;
6,022;7,64E-05;0,079414546;0,001;7,64E-08;;
6,023;8,04E-05;0,079494907;0,001;8,04E-08;;
6,024;6,81E-05;0,079562973;0,001;6,81E-08;;
6,025;7,11E-05;0,079634112;0,001;7,11E-08;;
6,026;6,32E-05;0,079697346;0,001;6,32E-08;;
6,027;6,54E-05;0,079762777;0,001;6,54E-08;;
6,028;6,50E-05;0,079827768;0,001;6,50E-08;;
6,029;7,25E-05;0,079900225;0,001;7,25E-08;;
6,03;6,72E-05;0,079967412;0,001;6,72E-08;;
6,031;6,32E-05;0,080030646;0,001;6,32E-08;;
6,032;6,67E-05;0,080097394;0,001;6,67E-08;;
6,033;7,25E-05;0,080169851;0,001;7,25E-08;;
6,034;7,60E-05;0,08024582;0,001;7,60E-08;;
6,035;7,38E-05;0,080319594;0,001;7,38E-08;;
6,036;7,16E-05;0,080391173;0,001;7,16E-08;;
6,037;7,38E-05;0,080464946;0,001;7,38E-08;;
6,038;7,29E-05;0,080537842;0,001;7,29E-08;;
;;;;;;
;;;Summe;;;
